id,image_id,prediction_string
0,MVI_20011_img00001_jpg.rf.21eb8e9f48c70c8b2186afa92378a398,no box
1,MVI_20011_img00019_jpg.rf.4105d8df0fc287df67ffd67042727f89,no box
2,MVI_20011_img00086_jpg.rf.cbbdb64f1942a10e428008494ba97d1e,no box
3,MVI_20011_img00206_jpg.rf.c97e5a0655ebeb4a217d542cced76129,no box
4,MVI_20011_img00226_jpg.rf.da8e14aeda4d153e2a7ccea3bbe2286a,no box
5,MVI_20011_img00339_jpg.rf.334fca1e6ced0862e76de76301e4716d,no box
6,MVI_20011_img00348_jpg.rf.51b7a70bcc924548508e1ee66bc0d765,no box
7,MVI_20011_img00449_jpg.rf.908bda312e93dda38d270263ce734e13,no box
8,MVI_20011_img00483_jpg.rf.69fe7a1d0a566584acf4de07d2bafbdf,no box
9,MVI_20011_img00591_jpg.rf.f3106ce093ed40da6b48bff97d7df6c9,no box
10,MVI_20012_img00034_jpg.rf.9224a5237cd778c241eb76e6e209cd42,no box
11,MVI_20012_img00349_jpg.rf.9ea7be9b374da41d0868dddc641b25d9,no box
12,MVI_20012_img00410_jpg.rf.db40e073eaafa8a1fde015ad252773d4,no box
13,MVI_20012_img00459_jpg.rf.da9953c85a8b15e4b0a571945a9a65ba,no box
14,MVI_20012_img00562_jpg.rf.f94e99849dcfeca5d63b97714f9c8b3d,no box
15,MVI_20012_img00741_jpg.rf.b84efc19aa8b8d09152183bc15925008,no box
16,MVI_20012_img00788_jpg.rf.8f5f1cef10b7b25f30695809b9c50963,no box
17,MVI_20012_img00895_jpg.rf.ab19a9a0031de97873a395d726e09929,no box
18,MVI_20032_img00129_jpg.rf.b77e26d9be15d0552960c97caf8e4a68,no box
19,MVI_20032_img00143_jpg.rf.35bf398c05039b8f6e9af74a379f80f0,no box
20,MVI_20032_img00162_jpg.rf.74d2420617368ad74c517277108aa8bb,no box
21,MVI_20032_img00290_jpg.rf.362037edd9a520aeb300bf05ae34bbe3,no box
22,MVI_20032_img00425_jpg.rf.5dcda7c56788b7fac62116f2b3d32646,no box
23,MVI_20033_img00227_jpg.rf.8387d03869c28282af7df924aa6c5b01,no box
24,MVI_20033_img00256_jpg.rf.4d347d4925d4559bf083335d9798d57b,no box
25,MVI_20033_img00418_jpg.rf.0e4044b50bca46ce5acbd3e4b9f737a0,no box
26,MVI_20033_img00731_jpg.rf.5eac4e1da6b198c29638cc8e379c6244,no box
27,MVI_20034_img00069_jpg.rf.797970b478184b64f94b3a0356b48883,no box
28,MVI_20034_img00185_jpg.rf.db7de947696d81c63d05b374990ac69d,no box
29,MVI_20034_img00329_jpg.rf.f175367661229609ee3958741d2a0993,no box
30,MVI_20034_img00614_jpg.rf.ebdd63dbb50345f0c1e951ebdda3a515,no box
31,MVI_20034_img00688_jpg.rf.bbbb0f3f46d1d5b54d4e5d5a07ee6381,no box
32,MVI_20034_img00701_jpg.rf.7a5314657a6448aa079089ffd79674b9,no box
33,MVI_20034_img00702_jpg.rf.b811172fd295495081af404549543b19,no box
34,MVI_20035_img00112_jpg.rf.68dabadc4418d2bec3ccb3efdd2f1d66,no box
35,MVI_20035_img00413_jpg.rf.9fb7346f49e705af9963148286f7a2f9,no box
36,MVI_20035_img00667_jpg.rf.9d39b52c8c14f4dc5f85664f07c6179a,no box
37,MVI_20035_img00739_jpg.rf.648bbc0d9b2b138150787a9dbe2205b2,no box
38,MVI_20035_img00763_jpg.rf.2aa2560f3549aec723d930ebe811117e,no box
39,MVI_20051_img00137_jpg.rf.b8ae30d70a00edc8ea658002de8fed42,no box
40,MVI_20051_img00334_jpg.rf.2a04a14133f61acc2537f7453812b70e,no box
41,MVI_20051_img00357_jpg.rf.a5802b5df9ca66098e1545eb9b4d500e,no box
42,MVI_20051_img00415_jpg.rf.0620255976ca04b69183ed0f6c9d360c,no box
43,MVI_20051_img00540_jpg.rf.9493a3493fc5eb2e8d82ea0411b133ee,no box
44,MVI_20051_img00813_jpg.rf.02abee6c73688ebfa9bd596ef2af3364,no box
45,MVI_20051_img00822_jpg.rf.d842361a44317233b682196e1ab9343f,no box
46,MVI_20052_img00271_jpg.rf.b09603c856780810cd0ef1ab4a8ae0d2,no box
47,MVI_20052_img00625_jpg.rf.8a0b034d745798d8848adf8a7548d2df,no box
48,MVI_20061_img00343_jpg.rf.40458aface1ca058f884e95b90167aab,no box
49,MVI_20061_img00386_jpg.rf.125a5ad6d724504cd6fc9bdc669d810b,no box
50,MVI_20061_img00422_jpg.rf.6212de7cf9cc3d0f3b2628b121665fbc,no box
51,MVI_20061_img00701_jpg.rf.8e29f045f0f238ef19080ce8fdfb71d7,no box
52,MVI_20061_img00793_jpg.rf.ae52b3765f8a9ed54c271ae2484e2703,no box
53,MVI_20062_img00230_jpg.rf.d8b5505b8d2b42a24619e1d6c678e6b6,no box
54,MVI_20062_img00512_jpg.rf.f9c7c67acb9f96787aa127d359261b31,no box
55,MVI_20062_img00723_jpg.rf.a2846ce92e2fd6ad4e34e652b46d013c,no box
56,MVI_20063_img00156_jpg.rf.e8ec53e3466eefa72533d51a71038edc,no box
57,MVI_20063_img00261_jpg.rf.3fb85b06d89047d4fa617d2f0e9deae4,no box
58,MVI_20063_img00316_jpg.rf.42eb4ddf89ed6079e7e85cff8cade51c,no box
59,MVI_20063_img00524_jpg.rf.697b36a0d3cbd9b5d65061d87639d161,no box
60,MVI_20063_img00566_jpg.rf.88b8b6e2053bcba70c0292199059bd77,no box
61,MVI_20063_img00615_jpg.rf.8e047de44755c0bb3c1c557f4a9333c2,no box
62,MVI_20063_img00714_jpg.rf.ff917142b7875aa87bbec1e4d7025667,no box
63,MVI_20063_img00718_jpg.rf.0a954455f3dad390e1b5406b093fc18a,no box
64,MVI_20063_img00736_jpg.rf.8c8abd93ea7079a119563ca8aa45047e,no box
65,MVI_20063_img00769_jpg.rf.856bab008bcf3e9e38fbc477ebf202f9,no box
66,MVI_20064_img00187_jpg.rf.c52f4fb8f5669164c4d49350c33e0481,no box
67,MVI_20064_img00242_jpg.rf.7287e27558d6ed581f5613b90dd234df,no box
68,MVI_20064_img00442_jpg.rf.e66acecd5afbd5963be5a2174c1c68b0,no box
69,MVI_20064_img00573_jpg.rf.68e479a75fbb81b9ec94ee1b9b4e3faa,no box
70,MVI_20064_img00591_jpg.rf.25b2385dfedf32013057398eb881c8bb,no box
71,MVI_20064_img00633_jpg.rf.2f6e2f880110c91a84dcf499a7d2965d,no box
72,MVI_20064_img00787_jpg.rf.871e69069e3802a1a6d60cde4c51f515,no box
73,MVI_20065_img00192_jpg.rf.c635ef81c4ff3d5560c5bf7e2f7599b9,no box
74,MVI_20065_img00596_jpg.rf.e3a42ec7b35e7a7335be35adf72a78db,no box
75,MVI_20065_img01011_jpg.rf.6db852bfdd5372e421adc5a5e27334ca,no box
76,MVI_20065_img01185_jpg.rf.f647fa742a819ae20c911eff08e3b979,no box
77,MVI_20065_img01198_jpg.rf.149f8b7eeca630f573e76fef28787fd8,no box
78,MVI_39031_img00106_jpg.rf.4dc587d5bd7dc048a5e733efe67cf994,no box
79,MVI_39031_img00299_jpg.rf.d0ade84c1586b88c4f2b10ec99f3219e,no box
80,MVI_39031_img00332_jpg.rf.b677accc7389201f755e1873e3ed9ac6,no box
81,MVI_39031_img00451_jpg.rf.d176ade13bb998134cc4bfaa78d7e8c4,no box
82,MVI_39031_img00470_jpg.rf.807d3791c939d0991e7568f281d2ac27,no box
83,MVI_39031_img00575_jpg.rf.ae14d821b266ebe3e5d2af85815e2077,no box
84,MVI_39031_img00612_jpg.rf.6ef22bd37257ae82534d0b02b7252c53,no box
85,MVI_39031_img00652_jpg.rf.e4389f0e900d578e9363b9f5aeabb156,no box
86,MVI_39031_img00695_jpg.rf.c1b409bc8472ee7aed2fa1c15a11b54f,no box
87,MVI_39031_img00836_jpg.rf.8ed8b892af67c4d5ff98f34c2b650abd,no box
88,MVI_39031_img00904_jpg.rf.89392082e387184c924a59fc18273067,no box
89,MVI_39031_img00983_jpg.rf.e22ea6f4f1d498c35cd5d111bbf9e148,no box
90,MVI_39031_img01108_jpg.rf.cf3b1a761c81ff12bc2c3af87b0c0dcb,no box
91,MVI_39031_img01189_jpg.rf.39ba6d57bf7d276b2c82d3910fa21820,no box
92,MVI_39031_img01289_jpg.rf.6e53a3bc6734da241492b78933c9c130,no box
93,MVI_39031_img01339_jpg.rf.d82096e0ce3d2c4878b1ab16baf85ad2,no box
94,MVI_39051_img00212_jpg.rf.c6130317e53a86f045136b2caadc2c0d,no box
95,MVI_39051_img00278_jpg.rf.26c24db27ba5feb15596e8883a472d36,no box
96,MVI_39051_img00456_jpg.rf.3220fcf6316d99a7393d6b6673eebb4f,no box
97,MVI_39051_img00686_jpg.rf.5e26287dac0dcf46ec92a60ff7e1e436,no box
98,MVI_39051_img00813_jpg.rf.80c148ac1afb70fcb37c2a1ccd43d67c,no box
99,MVI_39051_img00918_jpg.rf.d103ae8eb214b4af70184f7b530ba24c,no box
100,MVI_39051_img01093_jpg.rf.d3014d719b60486b880dea3aa98b7900,no box
101,MVI_39211_img00039_jpg.rf.c48bc244c18d62aeb7cda9cd563b7ee1,no box
102,MVI_39211_img00327_jpg.rf.10d7a8d9142c73684a1752f09dc11f8b,no box
103,MVI_39211_img00416_jpg.rf.42f67716f593866355f5e8586a486fe1,no box
104,MVI_39211_img00755_jpg.rf.b2cbeea5679ad202e41702510608b300,no box
105,MVI_39211_img00876_jpg.rf.d6897ad72f478610f18d3da61c2c830b,no box
106,MVI_39211_img01202_jpg.rf.523dce57f2e7a5ff36f0beb94412f6c8,no box
107,MVI_39211_img01446_jpg.rf.6005b99f589a100a5236a60b0ac65f56,no box
108,MVI_39271_img00108_jpg.rf.fd095394ca58e1e16256aa0aedfa6a10,no box
109,MVI_39271_img00253_jpg.rf.f87f6e041e8e932d38c7d8a3b70d5935,no box
110,MVI_39271_img00464_jpg.rf.2895886437282cb492605f136d2950f9,no box
111,MVI_39271_img00494_jpg.rf.1184116be16d110fb1662a7bc46d1262,no box
112,MVI_39271_img00683_jpg.rf.b881ecf04fce80a9b553b8ceace7e32f,no box
113,MVI_39271_img00898_jpg.rf.031b2f5417427da9e885a8e69f62a94e,no box
114,MVI_39271_img00926_jpg.rf.26df08c33231160b8e15cbcd6f1811ab,no box
115,MVI_39271_img00929_jpg.rf.fcbf7edba0eb138694d9bb7f1057839e,no box
116,MVI_39271_img01100_jpg.rf.a36f8ef838f7b7759d2b224b0bf766d5,no box
117,MVI_39271_img01230_jpg.rf.7b8e61b22f6f60dca124ba4d932ded73,no box
118,MVI_39271_img01325_jpg.rf.08a5e544e60a73a68771fa7b9638d2d4,no box
119,MVI_39271_img01357_jpg.rf.59de1a3a73704236dbf11e369f74229e,no box
120,MVI_39271_img01436_jpg.rf.89898d551a2b9843c86afba1e2f4af06,no box
121,MVI_39271_img01516_jpg.rf.736f6bbc43286b46523ef163a4d2c49d,no box
122,MVI_39311_img00267_jpg.rf.8be6a0104438da31b3cf5a493f4dd352,no box
123,MVI_39311_img00493_jpg.rf.86ff74193d953f9f36ae52ba33531e39,no box
124,MVI_39311_img00761_jpg.rf.1d3ad5d1b158890572fb4626e923d273,no box
125,MVI_39311_img00816_jpg.rf.e4ca029a24e286f0666244598d6dcbeb,no box
126,MVI_39311_img00933_jpg.rf.c8c037682781cb5b8556e9fa53019d37,no box
127,MVI_39311_img01174_jpg.rf.330cdb25a6c83350709fa6df0e5f2c5a,no box
128,MVI_39311_img01480_jpg.rf.0baababbfaa72ace9b70b483d53a5a1c,no box
129,MVI_39311_img01500_jpg.rf.e8ecad7638e263f0341e32c0146e798a,no box
130,MVI_39361_img00303_jpg.rf.58dacb66398884341346fec1720b6bdd,no box
131,MVI_39361_img00321_jpg.rf.1bfaa62a6aa07df2cdfd033ed383ade0,no box
132,MVI_39361_img00335_jpg.rf.fab637dfe3758ccdabe20594bce7473f,no box
133,MVI_39361_img00632_jpg.rf.6407475cda1edccfbe7b308190b0e1d2,no box
134,MVI_39361_img00672_jpg.rf.f440632f1f020374398e1e88c9a2b848,no box
135,MVI_39361_img00707_jpg.rf.ca81f548ebda4cf379d5dcf821734c2a,no box
136,MVI_39361_img00716_jpg.rf.06e4d38fcadc33dd8247f194687070e0,no box
137,MVI_39361_img00836_jpg.rf.8cc86427bb3db44e87866df4fc4465b2,no box
138,MVI_39361_img01214_jpg.rf.321650550f6e5bf205ba3ee7a949a723,no box
139,MVI_39361_img01419_jpg.rf.9ea6d1b0e439c7c980b392922507bdcc,no box
140,MVI_39361_img01486_jpg.rf.e9f2a810ad708f3220af2eb546e575ee,no box
141,MVI_39361_img01719_jpg.rf.f1926c2a346334c96f328da87e5028a5,no box
142,MVI_39361_img01794_jpg.rf.3ea4af465f96824a73ce54d900a0e0cf,no box
143,MVI_39361_img01910_jpg.rf.2472cab8c138c3bbb59e566ec99ffd33,no box
144,MVI_39361_img02008_jpg.rf.6ed60396b3da97fb9d6b003c907f22c2,no box
145,MVI_39371_img00141_jpg.rf.507f0c9984841570f5133499d0755ee1,no box
146,MVI_39371_img00147_jpg.rf.9a0d3c070d5009e7ebd6679ec365b72b,no box
147,MVI_39371_img00160_jpg.rf.cf814600524b30145464f658f8835550,no box
148,MVI_39371_img00428_jpg.rf.79e59c79c4af6506aa4a7cae92230f2d,no box
149,MVI_39371_img00433_jpg.rf.304dd97c21b1a7865a75e4dd0af9f465,no box
150,MVI_39371_img00528_jpg.rf.30abf907dfc1c54d075f1e00661ff653,no box
151,MVI_39371_img00534_jpg.rf.da52d303a2696882a0dea580d31530ca,no box
152,MVI_39371_img00696_jpg.rf.412ff2050b47a400d5e1acffbc25c02e,no box
153,MVI_39371_img00726_jpg.rf.9e0c65933fd3ae3c9871fa557d0279aa,no box
154,MVI_39371_img00939_jpg.rf.958410166462559de94dd3edfe4fa9e1,no box
155,MVI_39371_img01135_jpg.rf.0795c2eab9815d3bf44516f2c5746c8f,no box
156,MVI_39371_img01307_jpg.rf.33802632930107cf6121c2ac31859ee6,no box
157,MVI_39371_img01322_jpg.rf.358f9805b92acc52676253a0c6df509e,no box
158,MVI_39371_img01388_jpg.rf.705dd35182844285366f6265e068cf9e,no box
159,MVI_39401_img00345_jpg.rf.ecb15a4fd68bc1d030b1e316ad23ba32,no box
160,MVI_39401_img00546_jpg.rf.81d93be01290608675772eb5e45da4a7,no box
161,MVI_39401_img00668_jpg.rf.67b592a624cb26da5ac19de49396b169,no box
162,MVI_39401_img01026_jpg.rf.6939d34f8486d88099ef74cfa55e5db6,no box
163,MVI_39401_img01214_jpg.rf.aa14ee4cfdcef5ee7e869201703f3227,no box
164,MVI_39501_img00024_jpg.rf.e759066e99c689022b45bc16f6a73716,no box
165,MVI_39501_img00107_jpg.rf.27cc108ab34dce8d29a65a7bca066e2a,no box
166,MVI_39501_img00184_jpg.rf.439693c22a8bbcfdc021280c413ac916,no box
167,MVI_39501_img00197_jpg.rf.60310a38534edb22d06fbc98bf7ee6e5,no box
168,MVI_39501_img00446_jpg.rf.e74c023d38679c6074e8a8be23d1b7c9,no box
169,MVI_39501_img00525_jpg.rf.05d7ede3fb55f4485afd304098782ded,no box
170,MVI_39761_img00097_jpg.rf.347e949b930cc47d4fe3ea559530b112,no box
171,MVI_39761_img00325_jpg.rf.6c1b70b9b8cfb0af8fbaf984577b1abc,no box
172,MVI_39761_img00392_jpg.rf.5ad139a87d9bcc0537e2f2976b41ca75,no box
173,MVI_39761_img00883_jpg.rf.5852fe0cdeb3a2b37ea4661c0b6c4d62,no box
174,MVI_39761_img01114_jpg.rf.a8d19772c564f05a2d09645325af3ce8,no box
175,MVI_39761_img01156_jpg.rf.388a0df2a06d445719cad24a0af534f8,no box
176,MVI_39771_img00206_jpg.rf.69a017bfc2071305676e4618cd8af33c,no box
177,MVI_39771_img00229_jpg.rf.64a2292da8f0978d4e0ba6cca0067bfe,no box
178,MVI_39771_img00287_jpg.rf.b31f2c1dc66a7093b1afe755789d40f1,no box
179,MVI_39771_img00339_jpg.rf.e1a5fc67c3245c519a1cc40096fed80e,no box
180,MVI_39771_img00399_jpg.rf.8bd3c90aeef36aeea6809a127862e81c,no box
181,MVI_39771_img00432_jpg.rf.a594b4128f2c45de7707f8c90882c9c6,no box
182,MVI_39771_img00469_jpg.rf.cdeb5ff0d7ad4c8b1cfbb552523d3fcd,no box
183,MVI_39781_img00094_jpg.rf.aa8b8184f506c6882fba87c09c75a0f2,no box
184,MVI_39781_img00264_jpg.rf.c417ef699d0eafa11aa46762930d1051,no box
185,MVI_39781_img00298_jpg.rf.2c224a4602aa34a6c1d6fd95fbea7ae8,no box
186,MVI_39781_img00611_jpg.rf.c1ea2294221fcaabec7a20b9eb5377e4,no box
187,MVI_39781_img00626_jpg.rf.974649cb0e1954891e00021cda4c87d6,no box
188,MVI_39781_img00632_jpg.rf.63ead886803207ef890681992c6802ec,no box
189,MVI_39781_img00634_jpg.rf.f8854697b1c4e29e1d1703a26b23a9b2,no box
190,MVI_39781_img00841_jpg.rf.61118a6e23bd3e192120497a36bb1494,no box
191,MVI_39781_img00993_jpg.rf.c5edcb8a593e61313ced898671b21536,no box
192,MVI_39781_img01465_jpg.rf.72626da7f741b98368f7d0faf080471c,no box
193,MVI_39781_img01644_jpg.rf.30e25ec41617b7e0def48a68c028608d,no box
194,MVI_39781_img01776_jpg.rf.5fc8c18df4c4bc3c4084c4bb629fd535,no box
195,MVI_39801_img00105_jpg.rf.198c6df38479320bb30bf4d93213d58e,no box
196,MVI_39801_img00176_jpg.rf.b887b8db11e6aebd7fbedef2a7f8f904,no box
197,MVI_39801_img00354_jpg.rf.cd2ae4a6a1f245dbd12bdf205ff6c07f,no box
198,MVI_39801_img00378_jpg.rf.b8cc6aef6b505beab54572dc8e14a4c7,no box
199,MVI_39801_img00392_jpg.rf.d96a8829f40bf4e4361de8001784dca6,no box
200,MVI_39801_img00394_jpg.rf.931163b113af18e9753428eb2eea0988,no box
201,MVI_39801_img00601_jpg.rf.39ec29110b67bd4fdb9fcd203b07ea0c,no box
202,MVI_39801_img00821_jpg.rf.e9cfeacb65e13e2ace78d2f81b603229,no box
203,MVI_39801_img00849_jpg.rf.c07ea46425b79675639f4f7830b3b142,no box
204,MVI_39811_img00032_jpg.rf.715df6a61841e24974defa877458e790,no box
205,MVI_39811_img00190_jpg.rf.b89f672813f5cda378b35db3ceb83d05,no box
206,MVI_39811_img00773_jpg.rf.017c7c37ab24c17fafbc73f381813e58,no box
207,MVI_39821_img00138_jpg.rf.aac801a121db922c3964d87535027eb2,no box
208,MVI_39821_img00180_jpg.rf.96fb0036993e26d8e343ca1d3ad8baf4,no box
209,MVI_39821_img00282_jpg.rf.91e85d399b2d796bf5e82809ac0f0f65,no box
210,MVI_39821_img00480_jpg.rf.5d6031c326c4a65e9d994455e97603b9,no box
211,MVI_39851_img00040_jpg.rf.257d1d2b678583dd735b99fe95a59ac8,no box
212,MVI_39851_img00089_jpg.rf.56454fa3014229711cf5f99e236aba8c,no box
213,MVI_39851_img00314_jpg.rf.4ccff0b38055c595f9e849b870e77cd0,no box
214,MVI_39851_img00438_jpg.rf.f93a81489fc6f65eaababee6c4c5ae7b,no box
215,MVI_39851_img00503_jpg.rf.71cb4c1ad118729726ed3ce843599e01,no box
216,MVI_39851_img00506_jpg.rf.cb492d01e1b7ac48d80a1357a8a5ff6f,no box
217,MVI_39851_img00515_jpg.rf.927f389df6c6a4b5be08ee649ca03c8c,no box
218,MVI_39851_img00563_jpg.rf.b07d0d89d8a86ddd9a5de021b5ae4dfc,no box
219,MVI_39851_img00590_jpg.rf.3d6b299240272dea56d5657db9402251,no box
220,MVI_39851_img00707_jpg.rf.cfabd72541f1db8c9fb8566fbd38c14b,no box
221,MVI_39851_img00778_jpg.rf.7cbebe2774afdf10659b0c1d229fdddc,no box
222,MVI_39851_img01050_jpg.rf.248b039c285be9c1d88619049b72a796,no box
223,MVI_39851_img01068_jpg.rf.0209c32c75633b67eb3c0254bf239458,no box
224,MVI_39851_img01084_jpg.rf.c58b7866d9793c79d0d7455013f0a947,no box
225,MVI_39851_img01146_jpg.rf.f04deda681293aebfd608ba8a250368f,no box
226,MVI_39851_img01297_jpg.rf.c501878e61da9ffb0a12801ea3535e2f,no box
227,MVI_39851_img01305_jpg.rf.d7613d3224e7490ab0944515bb793963,no box
228,MVI_39861_img00229_jpg.rf.5cfcc70820148ac53778a87967abbeff,no box
229,MVI_39861_img00369_jpg.rf.114355ba3fe5b5b9fa375c6ae2082872,no box
230,MVI_39861_img00622_jpg.rf.ca27c76b9a2d16a42539f2e99aebb822,no box
231,MVI_39861_img00717_jpg.rf.f86d7d966017be674f1fc8c1cdd71db9,no box
232,MVI_39861_img00722_jpg.rf.ab8c814a09cb3306eb61a8804c3dbddf,no box
233,MVI_39931_img00109_jpg.rf.99662800f915f4a37aff24a45f1c9cff,no box
234,MVI_39931_img00133_jpg.rf.beddde74bb2d6d0ebf3d14ca875ffd7c,no box
235,MVI_39931_img00281_jpg.rf.8aaf88159b5edaffe4c53f1d52e17555,no box
236,MVI_39931_img00325_jpg.rf.30cc57a0dadbb1c54e0d5539575c3846,no box
237,MVI_39931_img00666_jpg.rf.59478128e5a30477706b6f194a402588,no box
238,MVI_39931_img00859_jpg.rf.9e6f3132a63ce9c79d7ebdc445f3f250,no box
239,MVI_39931_img01089_jpg.rf.18ad055f58a52e15285030db190ed1e6,no box
240,MVI_39931_img01264_jpg.rf.e00e60d484a04e7121095178f04579f5,no box
241,MVI_40131_img00319_jpg.rf.44b4d2892bba37adf263d5c0c3d54a79,no box
242,MVI_40131_img00349_jpg.rf.e9081645fdbb0741779fb3640831993a,no box
243,MVI_40131_img00496_jpg.rf.f913c71628dcec98a479f98845f21f06,no box
244,MVI_40131_img00626_jpg.rf.b334d066ebd4e7094a745a4765b0c820,no box
245,MVI_40131_img00672_jpg.rf.14540972137fc32f6914ede8d338c12f,no box
246,MVI_40131_img00967_jpg.rf.cc6615157d833ac6e8e6c7ddeeea9a75,no box
247,MVI_40131_img00983_jpg.rf.ccbe3bb15fb41cd21fd3153a426eaa64,no box
248,MVI_40131_img01186_jpg.rf.afc7a0f282b6380d3496e6b86408130c,no box
249,MVI_40131_img01349_jpg.rf.91e604d68e50e684db313dd547664d5b,no box
250,MVI_40131_img01365_jpg.rf.a2f9bc41d5fc2adfd06cea551ce2a947,no box
251,MVI_40131_img01404_jpg.rf.8f327139cc8520dd70d92850e3f38540,no box
252,MVI_40141_img00006_jpg.rf.e0554c36f2b2d415e0d28f7947734ac4,no box
253,MVI_40141_img00227_jpg.rf.5c6c8561e8925825c460b1b0e69d0722,no box
254,MVI_40141_img00256_jpg.rf.2dcda68b9d5ab7989b04ef810ac898e2,no box
255,MVI_40141_img00409_jpg.rf.6b1468eb341a52f76d5c5ddb78f613c4,no box
256,MVI_40141_img00606_jpg.rf.0dc7b71b2878b862983f07b632f32075,no box
257,MVI_40141_img00769_jpg.rf.649c1f0bf8c5587eecff1c195be72a66,no box
258,MVI_40141_img00820_jpg.rf.b69956c4722ba2ea3e5d98b36f84caec,no box
259,MVI_40141_img00984_jpg.rf.40c8250170b6856b1534e937a66ee977,no box
260,MVI_40141_img00993_jpg.rf.e70494d94131e2b5793f9b602fd7f8b5,no box
261,MVI_40141_img01032_jpg.rf.141b8836365c8386efe2a7467c725e65,no box
262,MVI_40141_img01193_jpg.rf.1582c20d84102b16caf633a8579ea473,no box
263,MVI_40141_img01221_jpg.rf.b44d81a003e4ce05842fa64f699f0a99,no box
264,MVI_40141_img01222_jpg.rf.68f632336dd3ba91556732abf4f41635,no box
265,MVI_40141_img01227_jpg.rf.f351d6ab013e562f951427f586be62ec,no box
266,MVI_40141_img01228_jpg.rf.736488d71d7b1bc64670aca08f7fe10f,no box
267,MVI_40141_img01271_jpg.rf.740f2467cdbd830bf4f97a603a59bbe4,no box
268,MVI_40141_img01429_jpg.rf.510bf6498ad4cbf0fe361f994da1ce4e,no box
269,MVI_40141_img01472_jpg.rf.4fae1048930a0ff1cfbadd9cf3a236ec,no box
270,MVI_40141_img01533_jpg.rf.7030f71a5abc31079fd705f90f443e27,no box
271,MVI_40141_img01558_jpg.rf.e9fec7e310632ae8f7bc2bce83e961cb,no box
272,MVI_40152_img00212_jpg.rf.49a73b972cee859d1d2cbd76c0227bc5,no box
273,MVI_40152_img00466_jpg.rf.3e034743a3277191df219c3212bbb312,no box
274,MVI_40152_img01008_jpg.rf.44030e4ae4fe3877d762c9e9f0d7003e,no box
275,MVI_40152_img01097_jpg.rf.7a8c844d28ba900812bea888e3acc815,no box
276,MVI_40152_img01398_jpg.rf.14a1a5dceeaf8ef4fbe86d70d4fe6003,no box
277,MVI_40152_img01407_jpg.rf.7c30c1567c1bf1121246a8b32bb1a200,no box
278,MVI_40152_img01453_jpg.rf.3f739d5293650a648f539f16dc7a47de,no box
279,MVI_40152_img01576_jpg.rf.ec2683c171cffeb957ef14c718bd1e7a,no box
280,MVI_40152_img01581_jpg.rf.70a5e8f6c12ce6caa40c9264ac6dda12,no box
281,MVI_40161_img00008_jpg.rf.8b872251fda56d761ae0deb225155cb4,no box
282,MVI_40161_img00328_jpg.rf.47862d6b0e943a72a5a320d71ea8ce65,no box
283,MVI_40161_img00395_jpg.rf.072785e5c0bffacbc0255b7f111d5658,no box
284,MVI_40161_img00635_jpg.rf.bcbcfb42bfc391e64894051c3afd9ef4,no box
285,MVI_40161_img00836_jpg.rf.3443dda6befa1b7cbf9433c2b2dfeb69,no box
286,MVI_40161_img01071_jpg.rf.defbb14febe61af8e2307a06c15ca643,no box
287,MVI_40161_img01204_jpg.rf.8326919b743252a8fc86165b202900fe,no box
288,MVI_40162_img00005_jpg.rf.eca54d8d3db395354c5f21fac6635847,no box
289,MVI_40162_img00032_jpg.rf.1305856385149b790ad371c5372523fe,no box
290,MVI_40162_img00038_jpg.rf.7589ca03d271f9689c903d021701dc57,no box
291,MVI_40162_img00115_jpg.rf.2821eda972b1f8bdb891e1e0cd968729,no box
292,MVI_40162_img00184_jpg.rf.0e606b9d294f504ca1ff80093c06074a,no box
293,MVI_40162_img00247_jpg.rf.ffabf5ab75066dabbe0258a1b547d32e,no box
294,MVI_40162_img00671_jpg.rf.e20701d9dc9c63cc6a4843e86ca56542,no box
295,MVI_40162_img00727_jpg.rf.7c68b139e8f49ca2dadaca5e3b2eb2f7,no box
296,MVI_40162_img01099_jpg.rf.1604eee85d1ee6e77825dbb055898ce3,no box
297,MVI_40162_img01516_jpg.rf.3a464b0097561965102064977da76c3e,no box
298,MVI_40162_img01581_jpg.rf.02e412a922ee582dcd2acecf82807165,no box
299,MVI_40162_img01616_jpg.rf.db6ccbcf1a1f142768497299b5365190,no box
300,MVI_40171_img00013_jpg.rf.6d9fe91d603308daff38a33e399286ad,no box
301,MVI_40171_img00083_jpg.rf.ef4864db5c301e6fceff149aec1c293a,no box
302,MVI_40171_img00093_jpg.rf.9203bfbd0c21bca2827dc4f58c7b5425,no box
303,MVI_40171_img00420_jpg.rf.6033d8346d63651c61b2e0441df5ff49,no box
304,MVI_40171_img00573_jpg.rf.be6ed12b3a47dfedaabf614634af327d,no box
305,MVI_40171_img00711_jpg.rf.196adfd017c6a7c33d39cec1845a8e37,no box
306,MVI_40171_img00770_jpg.rf.dbd377dce54655ce124a70b74036424d,no box
307,MVI_40171_img00847_jpg.rf.b2ed30a58b297edf5e2cea33a34c583b,no box
308,MVI_40171_img00909_jpg.rf.dd2d6497c1450abd097896e6e6b57632,no box
309,MVI_40172_img00271_jpg.rf.dccab8b659f073016ff3c9da50ef75ee,no box
310,MVI_40172_img00593_jpg.rf.02426e12af6660ab994b8bae3e24f440,no box
311,MVI_40172_img00681_jpg.rf.015a66816b8beb52b43e9903238aa909,no box
312,MVI_40172_img00723_jpg.rf.ce6b5c64f39d12e1e1ad03a0254ba422,no box
313,MVI_40172_img00904_jpg.rf.431fe64936837f219f1b5192bab983ef,no box
314,MVI_40172_img00928_jpg.rf.254a2c77ba34e86c3567f61f876f2b8c,no box
315,MVI_40172_img00962_jpg.rf.0c1c68d224b914588d0e6b156b98dc47,no box
316,MVI_40172_img01220_jpg.rf.abda28b4df816ce2f991d45c99097792,no box
317,MVI_40172_img01357_jpg.rf.473c1bce35ddfaaab46ebb87c78e8abe,no box
318,MVI_40172_img01395_jpg.rf.6e5efc25fcbc2b4b262f7bf4cbae8902,no box
319,MVI_40172_img01403_jpg.rf.bec6a17da6ab0570bc343301bdd3b455,no box
320,MVI_40172_img01673_jpg.rf.7f70ac23a99d79979d1d1eed954aeb76,no box
321,MVI_40172_img01701_jpg.rf.ce75e417f11f3972a63cc59c334f7b68,no box
322,MVI_40172_img01790_jpg.rf.cd3e31422e722041302fd743990c03f4,no box
323,MVI_40172_img01939_jpg.rf.1f2a95b0918221c5203d4dbcce084560,no box
324,MVI_40172_img01942_jpg.rf.dd8d81fbeb7466f485853464bdbb06b0,no box
325,MVI_40172_img02139_jpg.rf.9c3647f3fa64b8ead03c105f80dc4800,no box
326,MVI_40172_img02180_jpg.rf.657298de03f3cffbe2ad361ca2c27c25,no box
327,MVI_40172_img02320_jpg.rf.02d3a2730ece4c7b5ca525210b19c94b,no box
328,MVI_40172_img02604_jpg.rf.43fe5766b37b2c840da4cdae73e27be1,no box
329,MVI_40172_img02619_jpg.rf.7710f1d44ff5cb1bdcd384d083a40c5a,no box
330,MVI_40172_img02624_jpg.rf.033ca715129741e23f4178d9d444872c,no box
331,MVI_40181_img00066_jpg.rf.375c8040a166972e5f40e7c64d39bdc3,no box
332,MVI_40181_img00266_jpg.rf.37b7c19c6a1e7bd8a5c5247bb148be3d,no box
333,MVI_40181_img00641_jpg.rf.70b7fb2302b1ef5731fd7f30b6384248,no box
334,MVI_40181_img00857_jpg.rf.420aa3e0314593dc60be0c967a81d26d,no box
335,MVI_40181_img00973_jpg.rf.fc1b93cd6ee31347fbdab9f72cdb037f,no box
336,MVI_40181_img01599_jpg.rf.fd7c8f5061ac22f18019e054f9f6431c,no box
337,MVI_40191_img00068_jpg.rf.60bad0dae96ea613124c81aedde0b939,no box
338,MVI_40191_img00283_jpg.rf.a1c3fb86e1b5e9441425db656b36da1a,no box
339,MVI_40191_img00291_jpg.rf.9f846e5850f3b28204794c96333d0d25,no box
340,MVI_40191_img00523_jpg.rf.cbde69fc0f45e20ec0e09e012d10b1fa,no box
341,MVI_40191_img00751_jpg.rf.48d9bed2edd01793bab3659ab404a4f7,no box
342,MVI_40191_img00900_jpg.rf.f201e9d5dcf35d19ed976a46fed309db,no box
343,MVI_40191_img01100_jpg.rf.70315ea5cf38a8bd0ef96e9161298db5,no box
344,MVI_40191_img01152_jpg.rf.148f1a338af346eb21575acc2812f524,no box
345,MVI_40191_img01163_jpg.rf.f472d96bf7ed7d98270705c22ead01bd,no box
346,MVI_40191_img01660_jpg.rf.650b9a93a60309a7db793de59e23bdca,no box
347,MVI_40191_img01802_jpg.rf.faedaa5c7509f39e29ed25eb7686adfc,no box
348,MVI_40191_img01903_jpg.rf.90bfa78f8053dad6b2c25517eea122bf,no box
349,MVI_40191_img02133_jpg.rf.0c680059f7d676eb685ef9a5bae155c4,no box
350,MVI_40191_img02276_jpg.rf.5008921581d592ef773995f8d75361c5,no box
351,MVI_40191_img02308_jpg.rf.2bc755bb1b642586e6a9468e0449181d,no box
352,MVI_40191_img02340_jpg.rf.81b2f6c55e41cc3ca8fca93b6d484697,no box
353,MVI_40191_img02398_jpg.rf.5b08eb70320b5a3623b051b223485b4d,no box
354,MVI_40191_img02443_jpg.rf.fdda21a49d24121753e35174ae89e994,no box
355,MVI_40192_img00053_jpg.rf.281342b0181fdc9ab99a5a527791bc7f,no box
356,MVI_40192_img00111_jpg.rf.79fa303ae9cfb84c59b210463b115b8e,no box
357,MVI_40192_img00223_jpg.rf.e40f4c0f6561b93c96049dee301ba912,no box
358,MVI_40192_img00232_jpg.rf.cfb5fb6c28c6bae6ce2ab30ff9b184a2,no box
359,MVI_40192_img00307_jpg.rf.a02cefd1a72de6bc0be617c796074b28,no box
360,MVI_40192_img00406_jpg.rf.b04c81c38fde88565db50d0b63963523,no box
361,MVI_40192_img00808_jpg.rf.06e3aaa37125bb6c38c9ba55366c84f4,no box
362,MVI_40192_img00811_jpg.rf.b155ec61220f815915ab630bc7ae3f56,no box
363,MVI_40192_img01041_jpg.rf.095495d38809d581255587efd7dd98ea,no box
364,MVI_40192_img01485_jpg.rf.1e430f61249c61393135e34b3804657b,no box
365,MVI_40192_img01809_jpg.rf.fc371c61c11306ea8eea6afc97ba0a30,no box
366,MVI_40192_img01820_jpg.rf.a3d2833df7c639ab5142bf9e02373e1e,no box
367,MVI_40192_img02047_jpg.rf.6801b943a4bfddb033c8fb27ed8e63af,no box
368,MVI_40201_img00284_jpg.rf.183ddb0e63ddba68496da06ef78e611f,no box
369,MVI_40201_img00300_jpg.rf.a7cda548bf77bf79bbe08e61dc8eba91,no box
370,MVI_40201_img00868_jpg.rf.b957fe87452bfd54c79de23cecf207da,no box
371,MVI_40204_img00396_jpg.rf.1e9f8b150248daafadfb86d8084ed7a8,no box
372,MVI_40204_img00551_jpg.rf.835bcd61b3d7ff835b51cd45420251a5,no box
373,MVI_40204_img00650_jpg.rf.a1c2440e9c37e0e5595644888b20bb8c,no box
374,MVI_40204_img00654_jpg.rf.dcc428ca46cc9fd27af6c03afc0f34a0,no box
375,MVI_40204_img00831_jpg.rf.13fbf2b559a7bdd48a4ff93f62953ebf,no box
376,MVI_40204_img01104_jpg.rf.4c17fc692b4ac132c587922dad8161d4,no box
377,MVI_40211_img00252_jpg.rf.f8aa6e2d9915ac03092fa207721d3097,no box
378,MVI_40211_img00306_jpg.rf.522b4e5782aadc008936891533b460ba,no box
379,MVI_40211_img00405_jpg.rf.88056ee46434ccc2ba4cf427ca82b6bb,no box
380,MVI_40211_img00473_jpg.rf.260487c96bb20edbf41ce8f613f06b0f,no box
381,MVI_40211_img00491_jpg.rf.c310abd46b8ece9958659651e19c86d1,no box
382,MVI_40211_img00644_jpg.rf.b3abcfea37ecb1acf76b72105b1664a7,no box
383,MVI_40211_img00692_jpg.rf.3f770e83544862eda9257f92ae6ce72e,no box
384,MVI_40211_img01152_jpg.rf.68b8a346556ed0b1760615d3150163a9,no box
385,MVI_40211_img01289_jpg.rf.18a91509d81539bd1370b686f6e3570e,no box
386,MVI_40211_img01367_jpg.rf.816ee8d66399eb010c4de16e5a06386f,no box
387,MVI_40211_img01431_jpg.rf.4f4ab3d3cb30a1d4ff4cdce8a3d4cd59,no box
388,MVI_40211_img01449_jpg.rf.e5ff11d4554c67bbddd618de1672bef4,no box
389,MVI_40211_img01665_jpg.rf.04d481dbd2543498fba1a07a4a04712e,no box
390,MVI_40211_img01815_jpg.rf.a77e4413bf15e0f2dcdb53f5060a2f83,no box
391,MVI_40211_img01877_jpg.rf.a5e484240ddfad07a61833848226d757,no box
392,MVI_40212_img00911_jpg.rf.db9323f3fd56d2b7c0f825dd0e1dfc45,no box
393,MVI_40212_img00931_jpg.rf.d8a6dec124c19a19160803eefdbc1283,no box
394,MVI_40212_img01213_jpg.rf.cc003691e6a834ac3bb366a1707eddd0,no box
395,MVI_40212_img01614_jpg.rf.d9b8dfd8066160ba879160bee01c4473,no box
396,MVI_40213_img00005_jpg.rf.4c7a4faa0c1a3269fff7b4a5bb2e63d8,no box
397,MVI_40213_img00034_jpg.rf.3efc2e5b4ab2186ab4a5f6d36cc947e4,no box
398,MVI_40213_img00177_jpg.rf.b7f64843a331b4c2b6368ccda05cac14,no box
399,MVI_40213_img00203_jpg.rf.7dc39bfc060ae15fcb90fa164c444cf9,no box
400,MVI_40213_img00259_jpg.rf.44ce550ca02c2ec9bba487c810c0bf58,no box
401,MVI_40213_img00275_jpg.rf.25d023e5fb957490dd698a06ba8b9028,no box
402,MVI_40213_img00504_jpg.rf.8cb055939be9b97b5c4af9a056f18323,no box
403,MVI_40213_img00588_jpg.rf.782d84ed976c16893b06f8e175bed872,no box
404,MVI_40213_img00742_jpg.rf.3b5f1dc0f41c67cfca07735ebba287cc,no box
405,MVI_40213_img00887_jpg.rf.fd3ac0ab1f69ccbf1b43ddd8a4201128,no box
406,MVI_40213_img00891_jpg.rf.c74ae9123e28f1d167d01d9aec390902,no box
407,MVI_40213_img01301_jpg.rf.dd890e42d2ae15e845f708a34c1e35d1,no box
408,MVI_40213_img01394_jpg.rf.0cfa7fadfc30cc4ff576a119e0cd6bbf,no box
409,MVI_40213_img01434_jpg.rf.3568f7885e1952eb4722fc8acc7bc88d,no box
410,MVI_40213_img01447_jpg.rf.63bc5f5f573a8c48a019185a9dab823d,no box
411,MVI_40213_img01623_jpg.rf.348afbce78eb61677b06a49d82d1a712,no box
412,MVI_40213_img01683_jpg.rf.7055369afc6ab48aee339a5416b11ba4,no box
413,MVI_40213_img01726_jpg.rf.167592914d12b46e1427191609de94eb,no box
414,MVI_40241_img00032_jpg.rf.857e7886eb334bb764223416b30a320c,no box
415,MVI_40241_img00045_jpg.rf.78af8b7c7b391b52dec47c89809dd6c1,no box
416,MVI_40241_img00184_jpg.rf.b1b95b93527405bd26df6b9e0d125c0b,no box
417,MVI_40241_img00277_jpg.rf.2a299bfa10c588af6c9deae86348559c,no box
418,MVI_40241_img00682_jpg.rf.9e5c540cd965dc8b6576dd5ba4f13fa6,no box
419,MVI_40241_img00729_jpg.rf.00882ccbae6bab663a314bd0cf4b47b7,no box
420,MVI_40241_img01148_jpg.rf.29727ee41314941494a16e1f0b5f7301,no box
421,MVI_40241_img01171_jpg.rf.f69a4b46a876325a7f1ab20a35137b0c,no box
422,MVI_40241_img01362_jpg.rf.d37f5839b24ebc7c589280268c4eef8b,no box
423,MVI_40241_img01366_jpg.rf.e21f557da889dda05e6b5569e7e2776f,no box
424,MVI_40241_img01387_jpg.rf.ec4d804fdb200627e02c30fbf5b5c640,no box
425,MVI_40241_img01557_jpg.rf.2899b4cdb961ccd907c2a4d2061fc3a2,no box
426,MVI_40241_img01931_jpg.rf.5cd5b12fd0500e8347cfd618beaf6fd9,no box
427,MVI_40241_img01993_jpg.rf.3c55c1ecf5c0190d3db89364a63eaf44,no box
428,MVI_40241_img02019_jpg.rf.d6659f93c601c2123772d1f38ef20a6e,no box
429,MVI_40241_img02185_jpg.rf.afd124cf9a6301a669876b0972f4d1f2,no box
430,MVI_40241_img02215_jpg.rf.f73610eca0d8aa32ba1706018b249c71,no box
431,MVI_40241_img02239_jpg.rf.5c8bd3d4b23345b3a1ec18b765134bc6,no box
432,MVI_40243_img00291_jpg.rf.0cd52a5c35d3293802e39603ff4925c6,no box
433,MVI_40243_img00431_jpg.rf.8207b49c8b779f3efba9e184447866bb,no box
434,MVI_40243_img00456_jpg.rf.6e8ed53bdfc52a63d9f01b3a8da7ee39,no box
435,MVI_40243_img00559_jpg.rf.c06590c5f159822549f346032fb39075,no box
436,MVI_40243_img00776_jpg.rf.f1fa35d667d45e50248b481516b63782,no box
437,MVI_40243_img00839_jpg.rf.a9ec048930dfe809bd2d8f8f61f448bf,no box
438,MVI_40243_img01112_jpg.rf.7c9bb83d7db3920e1a4bcaa22361b944,no box
439,MVI_40243_img01169_jpg.rf.1842e28b2d8b0f17e2faa5d340958e56,no box
440,MVI_40244_img00038_jpg.rf.e08407819aa65ef4beecedc23e6efa13,no box
441,MVI_40244_img00112_jpg.rf.728023f12ea48d83d80e0d6d1b84c80d,no box
442,MVI_40244_img00312_jpg.rf.db2a79cdfae98c5c5c5b8baf16a0a12b,no box
443,MVI_40244_img00461_jpg.rf.e4df9f83c9174dd2dd2241573405c65a,no box
444,MVI_40244_img00925_jpg.rf.a5f3210ea67ad6e876f0bb3f33c5399e,no box
445,MVI_40244_img00927_jpg.rf.6555145eed47c70e64c183d64218aa9a,no box
446,MVI_40244_img01017_jpg.rf.3ceb5157cd06861159be3d8cece91d47,no box
447,MVI_40244_img01069_jpg.rf.f2233fa81501223e79840b6c98d8ab45,no box
448,MVI_40244_img01246_jpg.rf.233286f20c53120a6eab2b10ee454c3d,no box
449,MVI_40701_img00034_jpg.rf.7c69915d9e3ddd171a8784cccd432351,no box
450,MVI_40701_img00116_jpg.rf.10a9a5330d08d71cb2a7185f6efb5272,no box
451,MVI_40701_img00165_jpg.rf.c3fa88176780385bf8cd7e79a9c4887b,no box
452,MVI_40701_img00234_jpg.rf.9d6589ac3477860fc8dbf90cdd7d648f,no box
453,MVI_40701_img00800_jpg.rf.b814b8f93e128654c2902933caa815b3,no box
454,MVI_40701_img00879_jpg.rf.a24e63e4d18705f6e31cf5d5971db38c,no box
455,MVI_40701_img01006_jpg.rf.c7c8163af9b521c262e58d26f45a177d,no box
456,MVI_40701_img01061_jpg.rf.b0ec303861381050dab6368c64bfe79c,no box
457,MVI_40711_img00042_jpg.rf.d61d419da61ac7104094ebb4da475e18,no box
458,MVI_40711_img00109_jpg.rf.305d5bbc5307eead337c9f4e8ba11166,no box
459,MVI_40711_img00140_jpg.rf.3dc62de7be25a46f3e6b9eb531c769c6,no box
460,MVI_40711_img00471_jpg.rf.fa1c86e07586cb4e731ef0af574fb611,no box
461,MVI_40711_img00660_jpg.rf.21a0ec1d478e33bfbf6f24a0c5d241ec,no box
462,MVI_40711_img00731_jpg.rf.2d0c40882ebf770a61c80ff1facf0a5a,no box
463,MVI_40711_img00755_jpg.rf.82e947285b1cf6bb7a39c3b494659f91,no box
464,MVI_40711_img00843_jpg.rf.8d8a45489f02f37a28c8d167ed2a604e,no box
465,MVI_40711_img00945_jpg.rf.5bd2c6fac4ce49e6044c42501fb15dfb,no box
466,MVI_40712_img00087_jpg.rf.e4327f2ef86abaf6e4d2deafa84a6fae,no box
467,MVI_40712_img00109_jpg.rf.57ecb9aa2ec9766aa72e2c414513a4ad,no box
468,MVI_40712_img00263_jpg.rf.517e7b2ca69019fdc4752cce67288785,no box
469,MVI_40712_img00464_jpg.rf.534e287b5384db7661a1989db24f1dda,no box
470,MVI_40712_img00736_jpg.rf.2a6328cc163dce5aa00b6ad44e4a645a,no box
471,MVI_40712_img01043_jpg.rf.6fa5b8d1cfcafc850d80757974607e80,no box
472,MVI_40712_img01165_jpg.rf.2c467ecf3ce76a9a3a8f1f68ab2455ed,no box
473,MVI_40712_img01230_jpg.rf.67b6a1322d86b04df1f18425b7d07c31,no box
474,MVI_40712_img01272_jpg.rf.56343d30a7747b3c90df6fe76de0804f,no box
475,MVI_40712_img01653_jpg.rf.32c629f8e6728a7568a15e7bf1788d53,no box
476,MVI_40712_img01832_jpg.rf.1677751a8efa41df10a451fe75dc4573,no box
477,MVI_40712_img02054_jpg.rf.3c4dd1bd3d98d2270400e91e15ed1148,no box
478,MVI_40714_img00006_jpg.rf.94647b03f5366f705a85a21365a964b7,no box
479,MVI_40714_img00080_jpg.rf.01acc3b94310ba9071e076270e655ca3,no box
480,MVI_40714_img00091_jpg.rf.6e4dc84eab119fb53d4f02fe4c794877,no box
481,MVI_40714_img00284_jpg.rf.9ca8114766fc3e18affd8589561e07af,no box
482,MVI_40714_img00346_jpg.rf.0e5013c9448d574b007883e3d900a5ba,no box
483,MVI_40714_img00549_jpg.rf.c3fff59ce22aa5c0f1e93b37f6c7ee5b,no box
484,MVI_40714_img00824_jpg.rf.4de836e9d506f0a44cdf597a4c3d9bbb,no box
485,MVI_40714_img00838_jpg.rf.bd079c556e7d509b33396a163a93e8da,no box
486,MVI_40714_img01115_jpg.rf.18fc9bd044047c31d7a249304fd98553,no box
487,MVI_40714_img01164_jpg.rf.a1648d81119365b0127ca34e3f3bedf2,no box
488,MVI_40732_img00131_jpg.rf.3f169a8aff7a85928b64468438986b50,no box
489,MVI_40732_img00450_jpg.rf.5df307b524d8b0162997f9ba2bce7111,no box
490,MVI_40732_img00534_jpg.rf.5b6f27ea885d8976bc2c76cadb714fbd,no box
491,MVI_40732_img00543_jpg.rf.be9c693354a0ea95d2719ccc2c32b7df,no box
492,MVI_40732_img00601_jpg.rf.484b1b651c99a2b257bb88602856eabd,no box
493,MVI_40732_img00635_jpg.rf.e0603a09f06e3cf8bf04693ff855edc3,no box
494,MVI_40732_img01233_jpg.rf.8aefca71fccaf92ee9296208a43fb910,no box
495,MVI_40732_img01494_jpg.rf.0045369b550025278c17d9802c17f668,no box
496,MVI_40732_img01667_jpg.rf.5e77a26f3dbd6a566e966a4046d97999,no box
497,MVI_40732_img01688_jpg.rf.23494ebb2fd6611c5c78ff2d3b355a2e,no box
498,MVI_40732_img02041_jpg.rf.af15eb69093aabc428be47778401b656,no box
499,MVI_40732_img02058_jpg.rf.6c7dd299dca49fc68ddb726988c12171,no box
500,MVI_40732_img02093_jpg.rf.5e42c78e0c25713c2b2d91f9186e63aa,no box
501,MVI_40732_img02117_jpg.rf.3698e4b5f9fad5cd95a43299d3f16be1,no box
502,MVI_40742_img00020_jpg.rf.9677e8f6e68b1ccfdaf270ba28ed6e3a,no box
503,MVI_40742_img00179_jpg.rf.35afe91c98a9d0629731ee624ba27811,no box
504,MVI_40742_img00372_jpg.rf.2d7ec41556b3c2af762d2bae2dd411a9,no box
505,MVI_40742_img00444_jpg.rf.d4dd04ce5ecc6df2e3322c2bf23f0983,no box
506,MVI_40742_img00487_jpg.rf.a3de47bfa179f9a3e5aa9f8196a621d3,no box
507,MVI_40742_img00496_jpg.rf.cb14711816b24ca7f5ad808f42cdc2f5,no box
508,MVI_40742_img00501_jpg.rf.7716c8d61e6cd1c8edc6a0a1346f577b,no box
509,MVI_40742_img00758_jpg.rf.47a20b8f27319aa0054642a53e1f486e,no box
510,MVI_40742_img00788_jpg.rf.cab6d1f2c9f290736f9009a178a099b2,no box
511,MVI_40742_img00962_jpg.rf.d46eeb8f091ca66a2e67e85f5372012b,no box
512,MVI_40742_img00973_jpg.rf.2a949523ce654a1f3ed1d1f274e9c00d,no box
513,MVI_40742_img00997_jpg.rf.77b54e0ecec9810d7e1ef6bc395de37f,no box
514,MVI_40742_img01119_jpg.rf.fb13d09c1f87c1723fd034945832507b,no box
515,MVI_40742_img01322_jpg.rf.2a3ed19116870eaaf6974c9c3c943628,no box
516,MVI_40742_img01365_jpg.rf.94355060935390bde6ffe7decdbfbef2,no box
517,MVI_40742_img01546_jpg.rf.ffff7642eb165ac36894dfad18384b8c,no box
518,MVI_40742_img01620_jpg.rf.d9bd3a4e8ddc74713df9dac9db3c7f1c,no box
519,MVI_40743_img00285_jpg.rf.8d9cae65f151457434d06be1d5c50150,no box
520,MVI_40743_img00572_jpg.rf.6205549eefd15cde230422bd066e7de8,no box
521,MVI_40743_img00624_jpg.rf.7bd6f4616deed59835cf5d6bf2948e19,no box
522,MVI_40743_img00899_jpg.rf.ab2fcc319faeb1627c9bbd35229ee31d,no box
523,MVI_40743_img00928_jpg.rf.cc0ef2f5a9d2841233563a13cb0281f8,no box
524,MVI_40743_img01001_jpg.rf.0e6984fc3e6156651db200846803f852,no box
525,MVI_40743_img01275_jpg.rf.836d96f563db6ca931f6d4a3c5493a82,no box
526,MVI_40743_img01442_jpg.rf.ce4779a768dcd1c261a89468847d1c19,no box
527,MVI_40751_img00332_jpg.rf.ec86004dc339552926d3623dcb6b9631,no box
528,MVI_40751_img00471_jpg.rf.64943083ed7d6328b46769150bd88305,no box
529,MVI_40751_img00572_jpg.rf.3693d54b68fdb6599f8244a4d82b0fd4,no box
530,MVI_40751_img00693_jpg.rf.b8e0e4dfee019eb8015ad9fae8fe9b64,no box
531,MVI_40751_img00726_jpg.rf.5b6cfff0ed14b57b24f1952899da8154,no box
532,MVI_40751_img00790_jpg.rf.c372ad40acc1699837db75ecb7ab1a66,no box
533,MVI_40751_img00888_jpg.rf.659f68a940ee2b028f95623f96aa650c,no box
534,MVI_40751_img00937_jpg.rf.87c3274f7a850fe30fa598cb111a9d69,no box
535,MVI_40751_img00943_jpg.rf.d3fcbd800e9e3696c725a112649475f7,no box
536,MVI_40751_img00984_jpg.rf.6f4b692e8f014a980508a270fce1d643,no box
537,MVI_40751_img01049_jpg.rf.c9bfca78202bc7e00406c63232042c7e,no box
538,MVI_40751_img01074_jpg.rf.dfb27ed066a698de15389e17c2489c62,no box
539,MVI_40752_img00133_jpg.rf.e3cbeb7fe97fd1fdc07097ff29166276,no box
540,MVI_40752_img00167_jpg.rf.f5a1c61c08d9b4ca8876db0f36ee7884,no box
541,MVI_40752_img00404_jpg.rf.6056554cf5a05c4aa7d84e1b4a9efba3,no box
542,MVI_40752_img00447_jpg.rf.f492e65f362baa139217029618a7de88,no box
543,MVI_40752_img00457_jpg.rf.7964f4ca157d236495107cfb543abb0c,no box
544,MVI_40752_img00501_jpg.rf.4808fa92fb87473021f46b00948f6109,no box
545,MVI_40752_img00504_jpg.rf.6516a04826d42b9956c357e8ce2e156e,no box
546,MVI_40752_img00629_jpg.rf.20cf737dc05ad47f0ca2dbe280bde6b7,no box
547,MVI_40752_img00635_jpg.rf.00823aaa4389636406afe1fbc43a4f81,no box
548,MVI_40752_img00764_jpg.rf.5399e34930a8b99c72d195e7716c92e5,no box
549,MVI_40752_img00862_jpg.rf.a79359b94b2200ac41975acadd7c4c82,no box
550,MVI_40752_img00968_jpg.rf.2615bdabdf8dd849e3d56f12f5dcc3ee,no box
551,MVI_40752_img01073_jpg.rf.7f8a927f08bb43316bc353fe5dcd3f01,no box
552,MVI_40752_img01100_jpg.rf.520dbfbdf5190616797631d93359b78e,no box
553,MVI_40752_img01321_jpg.rf.0a67f5cf5b15ca52adec998285ea6856,no box
554,MVI_40752_img01385_jpg.rf.ec628fed56308e6fd33526a04ab14493,no box
555,MVI_40752_img01483_jpg.rf.ba6ba4973594d21709301daa133973b4,no box
556,MVI_40752_img01665_jpg.rf.677d58d73bc246c66badfaee334926e2,no box
557,MVI_40752_img01794_jpg.rf.862f2732be9f4e519bcc9306382d0a36,no box
558,MVI_40752_img01896_jpg.rf.097093540a34f529c72928cb0f833eee,no box
559,MVI_40752_img01942_jpg.rf.45cb1e0e1863b8a54cca661c9f8bf47a,no box
560,MVI_40752_img01983_jpg.rf.7dcfad5a828a67addb8df5ee507195bb,no box
561,MVI_40761_img00257_jpg.rf.99a5a2e8f505d8d521deaecfc72650e2,no box
562,MVI_40761_img00351_jpg.rf.96f62171794c1d603ddaa4b1b11c9438,no box
563,MVI_40761_img00489_jpg.rf.26d55d3297ce8fa3b35f0728b3d73c97,no box
564,MVI_40761_img00817_jpg.rf.5c7a61a3e9aba3abe301b5ba41404f08,no box
565,MVI_40761_img00982_jpg.rf.c60209b66dbe1d460ff55bb43f76e85f,no box
566,MVI_40761_img01057_jpg.rf.7579c50f307c44f57b2262f7e8b08eda,no box
567,MVI_40761_img01428_jpg.rf.13a3fcc49a709f8ec630dbd5aacb8237,no box
568,MVI_40761_img01433_jpg.rf.2fc43627413c2ad4b95e1e583d17db76,no box
569,MVI_40761_img01520_jpg.rf.d13c63e702260c45f86c234e697010ff,no box
570,MVI_40761_img01737_jpg.rf.b1778d40ad23fd52fc0b6dc620e7877a,no box
571,MVI_40761_img01841_jpg.rf.041745e7d0df79928ab3412d605f06ff,no box
572,MVI_40761_img01880_jpg.rf.2c0f79a82a29774b4cd0d1a54b8fe7ec,no box
573,MVI_40761_img01918_jpg.rf.06d3cb982efc7bc3d58e223ea13ce4a9,no box
574,MVI_40761_img01931_jpg.rf.ac0003f2365a215e3d9163647464dd02,no box
575,MVI_40762_img00189_jpg.rf.207163cb09b9fff0a8a0aebb090991a0,no box
576,MVI_40762_img00336_jpg.rf.74e8e51285a7cc02568a08650cb6a1d4,no box
577,MVI_40762_img00480_jpg.rf.df5e724004c5e7367544e6bbab7a6f93,no box
578,MVI_40762_img00680_jpg.rf.a70869edeb19c6cc89f9ae6e503046cc,no box
579,MVI_40762_img00786_jpg.rf.371a4425e0d0399eb33aa330ffa1936c,no box
580,MVI_40762_img01010_jpg.rf.7170563154df2f97cada565f322110b7,no box
581,MVI_40762_img01110_jpg.rf.43fe7c79b1d20cb75fb0d7f899f44435,no box
582,MVI_40762_img01288_jpg.rf.c239efb1250ec296073515d3ed917b05,no box
583,MVI_40762_img01352_jpg.rf.c29a7b8d7a2dd36e87ffff613d32f461,no box
584,MVI_40762_img01570_jpg.rf.d7aeddef230505b831c7c3d838cdfb71,no box
585,MVI_40762_img01651_jpg.rf.3cac626e8d0b1ce95ffa42d086b212c8,no box
586,MVI_40762_img01710_jpg.rf.769040c18e3e64c56a8f14a3da7f0a87,no box
587,MVI_40763_img00025_jpg.rf.2e9f670f41da4fcb75f0d5053265a87a,no box
588,MVI_40763_img00059_jpg.rf.d09048fbc841f9bf72a0f14d37596cb5,no box
589,MVI_40763_img00290_jpg.rf.7ace7e5bdb831b4ca7d7bef613796bce,no box
590,MVI_40763_img00388_jpg.rf.b72676f299d5d7a79eef740dde19a678,no box
591,MVI_40763_img00595_jpg.rf.749493697c03fcb378810d52379e58f5,no box
592,MVI_40763_img00696_jpg.rf.c2af15371a8a911a99983cf2462a91c3,no box
593,MVI_40763_img00883_jpg.rf.1c77f6c205186e6317768b1774de3542,no box
594,MVI_40763_img01151_jpg.rf.19d1115c1e837de71e6d629a9d274d0d,no box
595,MVI_40763_img01533_jpg.rf.d16b91a7662a2275bc4cf4b5071747d0,no box
596,MVI_40763_img01726_jpg.rf.ad23220ad4d72b8913a88f46512a67e6,no box
597,MVI_40771_img00132_jpg.rf.2bc3f35696d463f80f85a2f9d67e671a,no box
598,MVI_40771_img00215_jpg.rf.6159bd6d49dd332ed9758253c49792c9,no box
599,MVI_40771_img00908_jpg.rf.2f8e2418c6d38e84dbb1a6c71ed7cd3f,no box
600,MVI_40771_img01033_jpg.rf.d39398804501bb6cc5b8537efd5ad143,no box
601,MVI_40771_img01103_jpg.rf.b9c41bc1b26816010e61800d7384f530,no box
602,MVI_40771_img01328_jpg.rf.dfd13013b7bb2003678f498183bfdf0d,no box
603,MVI_40771_img01411_jpg.rf.7f967aab013bdc39cc8648231f29820a,no box
604,MVI_40771_img01613_jpg.rf.2e134f55c2d658c568cd464377a74243,no box
605,MVI_40772_img00256_jpg.rf.6b576b0aae952387f3911e6c9f8930d4,no box
606,MVI_40772_img00317_jpg.rf.5e7304dc15e1582b40648d6ddc59df16,no box
607,MVI_40772_img00343_jpg.rf.c7590e0511dec9e11ec09f2896708599,no box
608,MVI_40772_img00512_jpg.rf.1ef38df85b41b93e8c732d22cc0f819c,no box
609,MVI_40772_img00561_jpg.rf.566aac850887792ab4d8c65bde5b0eef,no box
610,MVI_40772_img00733_jpg.rf.d9bcb6285103da83af235974915032a6,no box
611,MVI_40772_img00777_jpg.rf.1a48fec6843021e6ed50b3c8f6d9dd02,no box
612,MVI_40772_img00891_jpg.rf.9e29c8c49b56de2aece1edabcbf3be65,no box
613,MVI_40772_img00911_jpg.rf.42af6632716400a3c538661544e1f4c5,no box
614,MVI_40773_img00157_jpg.rf.fc9abb2f516c133a176c556f446814bb,no box
615,MVI_40773_img00420_jpg.rf.a3dc98662418453e989a5f886dbf26ba,no box
616,MVI_40773_img00607_jpg.rf.98d20c7f04730bb2bfc8996cd32190cc,no box
617,MVI_40773_img00841_jpg.rf.469cbbb02682127db8e0e07df11d646c,no box
618,MVI_40773_img00969_jpg.rf.d20653d33f4921c74f6e45aa9e55e7ee,no box
619,MVI_40774_img00078_jpg.rf.296f3a97c157136d99548e5ea7c0bfa5,no box
620,MVI_40774_img00188_jpg.rf.bad49f7769f34e69948d5d61895c005b,no box
621,MVI_40774_img00208_jpg.rf.290c0535a70d3139670dbe312a8592ed,no box
622,MVI_40774_img00286_jpg.rf.01ff54db0f1b38fb81d8ec83085588fd,no box
623,MVI_40775_img00395_jpg.rf.69231bf1cade1bb1d6ae498b28f0ed03,no box
624,MVI_40775_img00584_jpg.rf.fdc99f1a303b8bb0fbce2a569d1e5e6e,no box
625,MVI_40775_img00675_jpg.rf.3fee304276ea8685ccc2cc1ecf91d0a0,no box
626,MVI_40775_img00709_jpg.rf.031d77445c54c39fcef0311ce0d8380f,no box
627,MVI_40775_img00828_jpg.rf.10fd4779c6ecbddcb89f545e4d2c8c54,no box
628,MVI_40775_img00853_jpg.rf.f6a7ea7a426352c94dfe0444cc70d56b,no box
629,MVI_40792_img00072_jpg.rf.cc9b34b64de6654aba45ebb0750bdaee,no box
630,MVI_40792_img00265_jpg.rf.160dfd01317a6bdfb3b8d6f1d6f20803,no box
631,MVI_40792_img00312_jpg.rf.3427215ff47bae00f8ebd78f3f250443,no box
632,MVI_40792_img00581_jpg.rf.30216136de20c7f58df100d663a2e120,no box
633,MVI_40792_img00660_jpg.rf.12cd1eac8deb0c2fc186212ba2a9e2c5,no box
634,MVI_40792_img00784_jpg.rf.629f11040b7b9fcfba81258e85480dd7,no box
635,MVI_40792_img00832_jpg.rf.fad0e5be1513d315349f8b4baa1c9944,no box
636,MVI_40792_img01173_jpg.rf.6fe3e45ec2745fb6198f364394cf2598,no box
637,MVI_40792_img01233_jpg.rf.8db5be57c74d2a06169492835e290db2,no box
638,MVI_40792_img01309_jpg.rf.2a2fe10f65c50f120a57e2f972bdc462,no box
639,MVI_40792_img01341_jpg.rf.52b5f97e7b4c6e0d611282b46343a4fe,no box
640,MVI_40792_img01658_jpg.rf.fa8a005139df85721689709a95eca44e,no box
641,MVI_40792_img01748_jpg.rf.c0d44b0a599173283b180982ed1b5dbe,no box
642,MVI_40793_img00032_jpg.rf.d7b61a08f1c0de5d92ad257b6f0b444c,no box
643,MVI_40793_img00182_jpg.rf.da2d2b11ce6adf359fbb2f1d6c81f5e7,no box
644,MVI_40793_img00222_jpg.rf.87890ce7265349c3936cd36f62c0a105,no box
645,MVI_40793_img00275_jpg.rf.1007083fd48c7e4a78b0c667b901323a,no box
646,MVI_40793_img00313_jpg.rf.e62e70f23a149916e778631bf17debe1,no box
647,MVI_40793_img00344_jpg.rf.fc71e9af9c32d5d862a69993538ea7ec,no box
648,MVI_40793_img00552_jpg.rf.0a9f7efa2692a789c08b292a62a2cfd4,no box
649,MVI_40793_img00750_jpg.rf.a33b8ef2f1ddfc864ee083c5535e139e,no box
650,MVI_40793_img00884_jpg.rf.5c3edb6d8f8efdfdafc9c03e34a8df11,no box
651,MVI_40793_img01123_jpg.rf.45506ecedddbeeda84938cb9bfb3b747,no box
652,MVI_40793_img01193_jpg.rf.55015d8546c73ffe81c01a9c5be9b81c,no box
653,MVI_40793_img01204_jpg.rf.a78f7f8fa10bded609f5ced7fa8fb16c,no box
654,MVI_40793_img01295_jpg.rf.d560f5dab30566c854f1454a6455909c,no box
655,MVI_40793_img01313_jpg.rf.25911a49362c720402bd6785d0b2f6fb,no box
656,MVI_40793_img01455_jpg.rf.2f05eea3ddcc52e4176e184aa5b33596,no box
657,MVI_40793_img01459_jpg.rf.6144db5116454c37ee4d77a36d170caf,no box
658,MVI_40793_img01544_jpg.rf.ba5deb42b159d9e33346ac256d9aef5c,no box
659,MVI_40793_img01549_jpg.rf.45a7937d2ffffd3592a2482a15ce5e68,no box
660,MVI_40793_img01583_jpg.rf.a99af868a1fb7519198a1be6a1c041fb,no box
661,MVI_40793_img01788_jpg.rf.11325144e5cd2d8f7550d793bcc658eb,no box
662,MVI_40793_img01840_jpg.rf.ea96ae5b05344279b67134b1ce62ed3d,no box
663,MVI_40851_img00281_jpg.rf.d138e6f145a77037abc399f1502c303c,no box
664,MVI_40851_img00299_jpg.rf.a9edbf8356f677fa98a8afad81bafef9,no box
665,MVI_40851_img00503_jpg.rf.8d05bafa8cd71092c318fafeca429365,no box
666,MVI_40851_img00542_jpg.rf.43202c8d712ee02864ca080e822bb053,no box
667,MVI_40851_img00555_jpg.rf.977423d50de92db93f97caf974e61e4c,no box
668,MVI_40851_img00708_jpg.rf.86e5c75016c55a66965ea13a8402b466,no box
669,MVI_40851_img00748_jpg.rf.7bc075ba47e0050c7ca6077cba0b8688,no box
670,MVI_40851_img00842_jpg.rf.6968002093a100079d698ff03d47a1f5,no box
671,MVI_40852_img00290_jpg.rf.3d4fad93380714771c2234b80e318029,no box
672,MVI_40852_img00411_jpg.rf.38ea85fe17a9114b16fe7a86a4b767a8,no box
673,MVI_40852_img00940_jpg.rf.1879fd6339fc8aab6b70f611f8a0f84d,no box
674,MVI_40853_img00062_jpg.rf.ee5af896146e8964872af60f6b5dc8f7,no box
675,MVI_40853_img00250_jpg.rf.8582f38f3f0cb3b50a2a47d494650451,no box
676,MVI_40853_img00440_jpg.rf.6dc809e7e2543d3aeff68dfadfe40f75,no box
677,MVI_40853_img00455_jpg.rf.01e7885711fc1471a09a096d7242dc61,no box
678,MVI_40853_img00590_jpg.rf.25377f4b0f5f3264e35f690f338cf43d,no box
679,MVI_40853_img00764_jpg.rf.c17adbbd17cd50337dc901ebdd6b110f,no box
680,MVI_40853_img00861_jpg.rf.48635a1f5a156e25a66a9b831f889aef,no box
681,MVI_40853_img00918_jpg.rf.9277a1da45b6d7d78b0f5903530e4ba0,no box
682,MVI_40853_img01459_jpg.rf.dc90181739cc4bfd02a95a1aca306103,no box
683,MVI_40853_img01471_jpg.rf.849e12b300035041e50bcd8b3fce3dbe,no box
684,MVI_40853_img01484_jpg.rf.d6ca04a9abbb62ab4c01cb127317704c,no box
685,MVI_40853_img01494_jpg.rf.1cff0a6d8876968267511335b977ce7f,no box
686,MVI_40853_img01497_jpg.rf.ae1534b9d532ef93fec718a86cf9d443,no box
687,MVI_40854_img00168_jpg.rf.aaa522c4151d64e2658e53e97c4a1fc2,no box
688,MVI_40854_img00528_jpg.rf.c94757c595a1301ce8802e830e8e386a,no box
689,MVI_40854_img00577_jpg.rf.63cf6ed49bd1e3faa21c66647c0899a5,no box
690,MVI_40854_img00610_jpg.rf.923202c4eedc110cdc9817da3e7d5e3c,no box
691,MVI_40854_img00689_jpg.rf.2cfb0a7dae3f274bf4a67085182d2beb,no box
692,MVI_40854_img00853_jpg.rf.1a7a7c1bc7a816ddb479ccfafb5ba02c,no box
693,MVI_40854_img01193_jpg.rf.00c2b2fb5c56aa6b9bc4084cbbc6aba7,no box
694,MVI_40854_img01194_jpg.rf.d39dac497ad6ec2e1386df06f28a78cb,no box
695,MVI_40855_img00188_jpg.rf.09c753cdfd854aa9c57b5a6086457859,no box
696,MVI_40855_img00245_jpg.rf.cc59590740d78f7b9cdfbe037763b5e8,no box
697,MVI_40855_img00376_jpg.rf.206f5977e7560bfd49907921d21fa786,no box
698,MVI_40855_img00409_jpg.rf.a8b931f1023547f12b5badfce5071eb7,no box
699,MVI_40855_img00461_jpg.rf.cd34a1b4985dc9373a2d1cb3f758acbd,no box
700,MVI_40855_img00478_jpg.rf.44ac784537bae78b28bb96192b9a243d,no box
701,MVI_40855_img00646_jpg.rf.8a36438695d37520b9dcf4c29278ee1b,no box
702,MVI_40855_img00672_jpg.rf.d72aaacbbb42b5d5dc423673db23b45c,no box
703,MVI_40855_img01039_jpg.rf.9a841e6142ccb62dcd81e4db847f2d4e,no box
704,MVI_40863_img00127_jpg.rf.20d13d74ff81fcbf79a5eef3df9190a9,no box
705,MVI_40863_img00179_jpg.rf.2f507498da00009ee3b1f819a105fd95,no box
706,MVI_40863_img00441_jpg.rf.4c21649768ab7e79b4f13941958115f9,no box
707,MVI_40863_img00486_jpg.rf.ef144f210a10877f549c829b50507375,no box
708,MVI_40863_img00670_jpg.rf.3114b67278820a002ac2624949681d32,no box
709,MVI_40863_img00923_jpg.rf.72ea21a328b2eccad83832d563d3aff3,no box
710,MVI_40863_img00959_jpg.rf.33f4bf8a67627a1019ba2e5f69116a3e,no box
711,MVI_40863_img01004_jpg.rf.638ad390e436e3e1fbefb2d13409b0c1,no box
712,MVI_40863_img01011_jpg.rf.16b23ded9d0307c83833e5e2f8c51716,no box
713,MVI_40863_img01222_jpg.rf.e64af87a5390c0ef39b8161280bc0b03,no box
714,MVI_40863_img01400_jpg.rf.3849400342c83c480d7688de02417bdb,no box
715,MVI_40863_img01568_jpg.rf.b18c25f8b8e98ab8feabaf78765e6c4c,no box
716,MVI_40864_img00441_jpg.rf.d450d5a1454b1ecaa78e7023ba12f354,no box
717,MVI_40864_img00445_jpg.rf.9623bf936c450256e02eb30abf62ff24,no box
718,MVI_40864_img00537_jpg.rf.8844523ea9f95c79fb369e891e386595,no box
719,MVI_40864_img00597_jpg.rf.74a225cdc41cccdbd63a26464eeff7b8,no box
720,MVI_40864_img00638_jpg.rf.4c3bfb9a1d34975f4327b84a51057f2b,no box
721,MVI_40864_img00747_jpg.rf.d9d1b1c95020688c553f05675aa2da88,no box
722,MVI_40864_img00772_jpg.rf.b28685cfedc2d830afb0da9526d151c8,no box
723,MVI_40864_img01438_jpg.rf.0d6b67df506644b5ad9a9b78231e6c8e,no box
724,MVI_40864_img01496_jpg.rf.2902184069bd91a0d494bb5a5de99113,no box
725,MVI_40871_img00079_jpg.rf.d32621221cfb9325cc0d7a434994b1b0,no box
726,MVI_40871_img00107_jpg.rf.d42f97b5dbf2d570d496ac00cecb5ac0,no box
727,MVI_40871_img00432_jpg.rf.d26fdca74382519ff265b20ea1eec0d2,no box
728,MVI_40871_img00443_jpg.rf.65290872bab21cff9bcd51986e4acf7c,no box
729,MVI_40871_img00485_jpg.rf.e3c78c503aec252d42dd8dce539a34bc,no box
730,MVI_40871_img00690_jpg.rf.b39f666bfe30d7bc9c1a8c74359788e1,no box
731,MVI_40871_img00882_jpg.rf.5d781f2d6e7efcf1374ef4e2914c7918,no box
732,MVI_40871_img00998_jpg.rf.a6fc95bbaca1dbabd10830c352d1e1ed,no box
733,MVI_40871_img01065_jpg.rf.b89bac8f628753934c14afd912939303,no box
734,MVI_40871_img01080_jpg.rf.a377fb524c1a1cfe1a68bff5ec4d61a7,no box
735,MVI_40871_img01311_jpg.rf.505d63edf1aa5c5005cb58caefcc6e25,no box
736,MVI_40871_img01543_jpg.rf.9ac8abd361100ed1795edc888003db92,no box
737,MVI_40871_img01609_jpg.rf.f43c7154da2b9fa45a3de007f1f85de8,no box
738,MVI_40891_img00034_jpg.rf.85fe8b83d5f6d07a7a077efa16fddf4e,no box
739,MVI_40891_img00102_jpg.rf.d828f0c507846f7acafd6825e7541310,no box
740,MVI_40891_img00295_jpg.rf.54b9f6e316c9951a5f458c56feba89de,no box
741,MVI_40891_img00615_jpg.rf.9a4926d7fc8d0099c6aa71e1d3d7b040,no box
742,MVI_40891_img00803_jpg.rf.e684e8c88369032cdb1078cfc318f12d,no box
743,MVI_40891_img01070_jpg.rf.d62ec0f6de0fb5355d832f6644091916,no box
744,MVI_40891_img01110_jpg.rf.3f812c8ce90627d922e3488dbfb45d0b,no box
745,MVI_40891_img01300_jpg.rf.53f87611720129109741707315c78d27,no box
746,MVI_40892_img00159_jpg.rf.a15712463b2e3b9962baacb0de9b311b,no box
747,MVI_40892_img00204_jpg.rf.52b55290463d10dc6a51199e7ec4a034,no box
748,MVI_40892_img00356_jpg.rf.6a2bc8f29bd7b3d275b77ac05069d4bc,no box
749,MVI_40892_img00478_jpg.rf.520f9473b20c65324be51cd7621c6b77,no box
750,MVI_40892_img00618_jpg.rf.884dd7c21535379f6577c17d79603a83,no box
751,MVI_40892_img00649_jpg.rf.b4420daac2877492c8bfcda030f7753b,no box
752,MVI_40892_img00683_jpg.rf.d56823a3825e03b45d7af0c36ed00681,no box
753,MVI_40892_img01144_jpg.rf.c7ab4475a4720a9eb84939cd2bc81296,no box
754,MVI_40892_img01195_jpg.rf.c66c0a39a3b1f4ec6ab70a5b3b34b7b4,no box
755,MVI_40892_img01370_jpg.rf.d31dc3a3413002414a07624bbeb90ff2,no box
756,MVI_40901_img00200_jpg.rf.e4c721474caf438658ee16856c650cff,no box
757,MVI_40901_img00221_jpg.rf.b608d52542683d6a446e3e4514153a31,no box
758,MVI_40901_img00482_jpg.rf.49442e40e92fa47029f679b1781ca69d,no box
759,MVI_40901_img00631_jpg.rf.ea5e57680230623641f3f9536c7d8959,no box
760,MVI_40901_img00660_jpg.rf.c0c10f5e901cd58f03b0f07d05672bb8,no box
761,MVI_40901_img00896_jpg.rf.a024db24d38ad8d73fb5d04e041488e5,no box
762,MVI_40901_img00953_jpg.rf.2de6282a306a6bd628dbcea102ff3e3e,no box
763,MVI_40901_img01037_jpg.rf.ffb346d8b024e7cd3e56e703dce274c0,no box
764,MVI_40901_img01049_jpg.rf.45ab4c1bbca229f8d18fdc884fe6a48b,no box
765,MVI_40901_img01113_jpg.rf.6b0812d92b718563a349ca33dc6f28d2,no box
766,MVI_40901_img01114_jpg.rf.01238cd753d60a9cb1b17f233052598a,no box
767,MVI_40901_img01165_jpg.rf.0c84955a933e2db32b660ad2ff90fba5,no box
768,MVI_40901_img01220_jpg.rf.0c323d4e533cb765307bb141dda158d2,no box
769,MVI_40901_img01250_jpg.rf.1dc4f688523d3988c79598d7294a7aaf,no box
770,MVI_40902_img00260_jpg.rf.1c1e73eaf2b793784199c9782c1ce2e8,no box
771,MVI_40902_img00365_jpg.rf.fbe3680c7013c1340dff86ff160c0a34,no box
772,MVI_40902_img00418_jpg.rf.adcf14d6940a444d0e22fc04e38edb26,no box
773,MVI_40902_img00672_jpg.rf.a2351978fd5f3116e316d001e0d4fb38,no box
774,MVI_40902_img00776_jpg.rf.f46b0b92636ff2ac677e850a100432d1,no box
775,MVI_40902_img00854_jpg.rf.04fb0321d62fab9fe06156723f2e3d6f,no box
776,MVI_40902_img00992_jpg.rf.25606a0b96acac574fd676e38e5b5f89,no box
777,MVI_40903_img00016_jpg.rf.c027fb3c694cfdffd74d364f9bbe9b16,no box
778,MVI_40903_img00040_jpg.rf.5d513cc4c2978d04fefa2feb775239e2,no box
779,MVI_40903_img00194_jpg.rf.57fe9ffac5646d32844365684666f9bd,no box
780,MVI_40903_img00220_jpg.rf.a95a156e4bd9de40da124810ea4e7bf9,no box
781,MVI_40903_img00244_jpg.rf.afa09a7700b2d6c94d244d1656f0071c,no box
782,MVI_40903_img00272_jpg.rf.12a388c451fb92f244caa0e83f4fd7a4,no box
783,MVI_40903_img00386_jpg.rf.25d5cc5d04d3992e2ea955d0e4a48fcd,no box
784,MVI_40903_img00575_jpg.rf.81ab9a06998f0770e6b254d1384437e8,no box
785,MVI_40903_img00595_jpg.rf.5acef43485faf98e29dbef26982ab12a,no box
786,MVI_40903_img00678_jpg.rf.5c53ff27e5c860e6211c2965b5da0313,no box
787,MVI_40903_img00737_jpg.rf.4a26ec482f2e5c32b3e1a4d8d623884e,no box
788,MVI_40903_img00740_jpg.rf.08024c702aad14d4f3de78293b6b1a87,no box
789,MVI_40903_img00835_jpg.rf.ea85afd530c525a29f33e2a8205c399a,no box
790,MVI_40903_img00998_jpg.rf.e235b7357bab7aaccda674290827b7f1,no box
791,MVI_40904_img00129_jpg.rf.4b12a5a8949692d10c6dd1cd833372a7,no box
792,MVI_40904_img00467_jpg.rf.2c27387ce1df4b2c3016d4cc7948f921,no box
793,MVI_40904_img00513_jpg.rf.8b84ca184aa5beeff976bbc5455d4ab7,no box
794,MVI_40904_img00873_jpg.rf.0c728abf37c58f880779db09c6b5cb06,no box
795,MVI_40904_img01095_jpg.rf.aa1425fb9194b33adda8f1f84f52d64b,no box
796,MVI_40904_img01230_jpg.rf.5f38ff573d77cbe03e55e7ac18b26441,no box
797,MVI_40905_img00176_jpg.rf.ab13f10f791b4fcd3b2ede5c241224a3,no box
798,MVI_40905_img00304_jpg.rf.e180ebff567dcf50f7daab10b1ff9df9,no box
799,MVI_40905_img00311_jpg.rf.28c7c4905c952296bdcbcd17da9774ea,no box
800,MVI_40905_img00313_jpg.rf.3c0e4731697067bee643587faf9bdd38,no box
801,MVI_40905_img00458_jpg.rf.7bf7399a74a9751c37b0446cecd214f0,no box
802,MVI_40905_img00706_jpg.rf.0a864bf199b3124f2e38bbfce2784644,no box
803,MVI_40905_img00893_jpg.rf.3bacdf643229c6377f9017af86a33cd4,no box
804,MVI_40905_img00995_jpg.rf.6b110191615c936841c02c2bfe5df66c,no box
805,MVI_40905_img01079_jpg.rf.915f6e11f2d4cc60b94f09016de4921a,no box
806,MVI_40905_img01161_jpg.rf.06d0b0a97db848ce02edf1d2f7dc9081,no box
807,MVI_40905_img01184_jpg.rf.7c20352e1c0914a619c5962c41e76ab7,no box
808,MVI_40905_img01195_jpg.rf.4bd1aed0665919e982f3480fe1b95fb0,no box
809,MVI_40905_img01198_jpg.rf.91a9882ff509e38624d42b332a58a62c,no box
810,MVI_40905_img01532_jpg.rf.28deb18ea6cf3de86de3f15486b6d73d,no box
811,MVI_40905_img01581_jpg.rf.1cecc633f06984eb9b75d928cba3b27e,no box
812,MVI_40905_img01629_jpg.rf.2d5c4bbde79cb43fd35479ef8fd7c6fa,no box
813,MVI_40962_img00026_jpg.rf.ebb8ca9a7e68265761f695811e48fd05,no box
814,MVI_40962_img00217_jpg.rf.bcf073c012859b1d3962cfa966f1c345,no box
815,MVI_40962_img00452_jpg.rf.dbdd92f5b9d18c51e1eed405cfde5f9a,no box
816,MVI_40962_img00493_jpg.rf.0a5d06320039c48da97cb92bcd36ae11,no box
817,MVI_40962_img00539_jpg.rf.0b2271e2a8feacc5b7a270bd2a632ef1,no box
818,MVI_40962_img00551_jpg.rf.70abd7a30f617269f0041adb37bf436b,no box
819,MVI_40962_img00558_jpg.rf.affb4ca53f363599bdb6595cb60bbf5d,no box
820,MVI_40962_img00632_jpg.rf.a4d00220c4f260e63bf3991fb2ce089c,no box
821,MVI_40962_img00666_jpg.rf.0a5fcc0a8a2fa0594fe14a8cd89f2973,no box
822,MVI_40962_img01129_jpg.rf.ccd5df799ade16742f95a32fa7455779,no box
823,MVI_40962_img01149_jpg.rf.ac558248d809a3ca3e13a80a2498be4f,no box
824,MVI_40962_img01154_jpg.rf.533684fbc386eab29637099feb90842b,no box
825,MVI_40962_img01166_jpg.rf.775652c5ed0b915fab30da9bc07610b7,no box
826,MVI_40962_img01498_jpg.rf.74b1937150ed14236b71db0c580e8595,no box
827,MVI_40962_img01535_jpg.rf.ccd3c7a059b9879c52b546f9c0687ad0,no box
828,MVI_40963_img00021_jpg.rf.c72659711aeeea93311b63d8c06aac23,no box
829,MVI_40963_img00255_jpg.rf.55cf6fd0ac2e92d28dcff01b414a6146,no box
830,MVI_40963_img00439_jpg.rf.190cd7365f22b44028c61ea4513028d8,no box
831,MVI_40963_img00457_jpg.rf.ec6a7e0c8da7616f1b9640528ede6245,no box
832,MVI_40963_img00661_jpg.rf.fe24b4f14a3801136c27615aa8adba5e,no box
833,MVI_40963_img00701_jpg.rf.adcf5fb3d58842e3aef92c2cf834acb6,no box
834,MVI_40963_img00744_jpg.rf.10c90fa59736f1f94412906a27065723,no box
835,MVI_40963_img00757_jpg.rf.c45791efaad2838f2f3db4265a05d4c1,no box
836,MVI_40963_img00843_jpg.rf.76b49e8ab333f5d4e0ff4d4cb083a7a0,no box
837,MVI_40963_img01175_jpg.rf.d962cb73a01606402f629e75575781c0,no box
838,MVI_40963_img01267_jpg.rf.4fb955fb48de81bb9ff7eb3dad8c0894,no box
839,MVI_40963_img01377_jpg.rf.d1dc5af8fc7125a6f219ec0819f7d4ae,no box
840,MVI_40963_img01410_jpg.rf.d928870123088771259e009d99cb6243,no box
841,MVI_40963_img01487_jpg.rf.ee98f2d49298b57a83bfec5558a22e8b,no box
842,MVI_40963_img01558_jpg.rf.0bb3a7845d678d5c02157b95f8c564d7,no box
843,MVI_40963_img01793_jpg.rf.1fde3e432ff7141dac87604aed816f28,no box
844,MVI_40981_img00672_jpg.rf.bf8652411fd163472646c9ca66901fe0,no box
845,MVI_40981_img01083_jpg.rf.15b9e1e428c590643a5620415a00b64b,no box
846,MVI_40981_img01130_jpg.rf.a6263d598cb2e468419a0a7d0dc9e4a0,no box
847,MVI_40981_img01278_jpg.rf.dc476b9faa52d3e863979b46b29f480b,no box
848,MVI_40981_img01411_jpg.rf.5df79043e3bbc2c592e941f61a2b34b0,no box
849,MVI_40981_img01494_jpg.rf.ee070977b4b988d6ae3ed983d2b55091,no box
850,MVI_40981_img01677_jpg.rf.366f742b74b8c6618b0551888869b287,no box
851,MVI_40981_img01931_jpg.rf.8bf272ba2e790c74e76776d3204cd342,no box
852,MVI_40981_img01938_jpg.rf.3b3a2638cbc6df15a500e4a15038f4c4,no box
853,MVI_40991_img00061_jpg.rf.ef06d1379feb16556c562344e0b4c7fb,no box
854,MVI_40991_img00359_jpg.rf.937c2e0bffb510aea87a0fcafa2ab676,no box
855,MVI_40991_img00459_jpg.rf.68a5c621fd92a3defc2b57e77052d5d4,no box
856,MVI_40991_img00579_jpg.rf.705948497913147aff3cd85ae7ed8380,no box
857,MVI_40991_img00742_jpg.rf.2073ae5ddb557ac8a8cd2a3aa00ae254,no box
858,MVI_40991_img01279_jpg.rf.ddafb4c490ec7bcd6cad7ac5ae722ccb,no box
859,MVI_40992_img00063_jpg.rf.6145742d3adbe90c94fc704eb9e46469,no box
860,MVI_40992_img00280_jpg.rf.ec920e56c19f35cfa1e679a63540ffee,no box
861,MVI_40992_img01072_jpg.rf.50a9550fd4fd1adf98e1da7c826a9f0f,no box
862,MVI_40992_img01077_jpg.rf.ae990a8ce8866b2e065272aad9c8d81d,no box
863,MVI_40992_img01080_jpg.rf.bd665a03e4d826f415b6042aa2f28649,no box
864,MVI_40992_img01091_jpg.rf.4a4b80b8d91e10647706709dd3533558,no box
865,MVI_40992_img01315_jpg.rf.cf1c8f4a34642c121fc023c779c22ad1,no box
866,MVI_40992_img01449_jpg.rf.d1fb93270c1476647b00e3e1716a62fd,no box
867,MVI_40992_img01624_jpg.rf.7f0743798e7242b2c5bdfac4a05621d2,no box
868,MVI_40992_img01663_jpg.rf.fb8c99ca3d6df7bb7103782f18caf2cb,no box
869,MVI_40992_img01732_jpg.rf.5b9868fd1298eee5b1eb3cc8dd15e9bd,no box
870,MVI_40992_img01900_jpg.rf.92dc3aacb962fc722b382f612655814e,no box
871,MVI_40992_img01978_jpg.rf.6efecb6e0c5df86a6581180e9d667f10,no box
872,MVI_40992_img02076_jpg.rf.0f5b7c0c4637bca3ed57797ddfa88eb2,no box
873,MVI_40992_img02086_jpg.rf.272761ca31e59854d8690a2873153f4e,no box
874,MVI_41063_img00119_jpg.rf.f951e7884923734a5a1b57e831e4e000,no box
875,MVI_41063_img00199_jpg.rf.1cf4c1ecab80af59464584ccf0020e48,no box
876,MVI_41063_img00576_jpg.rf.53098eae4414d398a5605a89573d2c90,no box
877,MVI_41063_img00633_jpg.rf.9b4e8a60e46e02050c81d0d7c352302c,no box
878,MVI_41063_img00678_jpg.rf.8c1de87782465e54254a6eaccaa740fa,no box
879,MVI_41063_img00993_jpg.rf.5c1b952dac32ab1cf0bf72fde0dad2db,no box
880,MVI_41063_img01157_jpg.rf.6ba66049345d7d81ac9ee031998c4590,no box
881,MVI_41063_img01256_jpg.rf.988c83c8382044de090d236b0bd5cd24,no box
882,MVI_41063_img01454_jpg.rf.aa4ef5bc097188835ce0240a9dd991a6,no box
883,MVI_41073_img00191_jpg.rf.8302b342ef0ccb6f7db694b6768b2ce0,no box
884,MVI_41073_img00345_jpg.rf.cc381ab8fd1ad06cc83dc57fc19ba866,no box
885,MVI_41073_img00404_jpg.rf.92c4b1510fa7dfd0b7d3f622bdd55752,no box
886,MVI_41073_img00498_jpg.rf.3b52cc20d2b94ca1da3f88a0ae92a61e,no box
887,MVI_41073_img00566_jpg.rf.d11497c28a29f4e6cab0081d82e70072,no box
888,MVI_41073_img00577_jpg.rf.f9e2e69398318872ae72b596c2d48a57,no box
889,MVI_41073_img00825_jpg.rf.8cafed925e0fd6ee96a84878baa83232,no box
890,MVI_41073_img00862_jpg.rf.90950c802a8ab9bf7e2e3be5e93ff436,no box
891,MVI_41073_img01194_jpg.rf.339dde5004f2dbd2a96330ef104e431b,no box
892,MVI_41073_img01339_jpg.rf.01f7d39d35db8c430e556c4264390b03,no box
893,MVI_41073_img01561_jpg.rf.c0d2b6fb8e3cd4f386b5d10ae8bf62d9,no box
894,MVI_41073_img01803_jpg.rf.521043a6dda8443f58d29726cce413eb,no box
895,MVI_63521_img00455_jpg.rf.1abfd1281ebc39a3c52020c819d231b6,no box
896,MVI_63521_img00633_jpg.rf.2a8495706a33a601f7e29758ae3aec94,no box
897,MVI_63521_img00764_jpg.rf.8e03c2cd4c39d724c84ee097628a8d9a,no box
898,MVI_63521_img00898_jpg.rf.7e9d96f13f2b454e1203416b36ff0715,no box
899,MVI_63521_img00903_jpg.rf.ef75eafc42f522305b249ea00a7197ea,no box
900,MVI_63521_img00958_jpg.rf.f393a0d148bac8a4dfb8751996b8e1e9,no box
901,MVI_63521_img00982_jpg.rf.d32b94c9b86efeead7feaabd7dbdb81a,no box
902,MVI_63521_img01011_jpg.rf.77dc836160ea0ace935f663bb7fa37f9,no box
903,MVI_63521_img01072_jpg.rf.9ec3f900bbcb4da1691294cb05b9c165,no box
904,MVI_63521_img01261_jpg.rf.02be99c3314ebae38aa67aacd9527e4e,no box
905,MVI_63521_img01517_jpg.rf.0dca706ddfd1df875ae26962e8cc11a0,no box
906,MVI_63521_img01735_jpg.rf.d1be6ef2ba3840b2a7e06eb9ae47d93f,no box
907,MVI_63521_img01798_jpg.rf.ab2b732dabaad6e8dc1fe99ff526ad36,no box
908,MVI_63521_img01807_jpg.rf.03e59258ac9e8494754dc573da782fae,no box
909,MVI_63521_img01842_jpg.rf.04f489af3b0e2bfe05897fd4646759d6,no box
910,MVI_63525_img00131_jpg.rf.399a040f365449b57ffdc732f9f858c3,no box
911,MVI_63525_img00518_jpg.rf.26bdea5e24ca82aa4785090aa535b822,no box
912,MVI_63525_img00919_jpg.rf.850f49850c4048476588a846efeefddd,no box
913,MVI_63544_img00105_jpg.rf.eac585f057a5cb75c2c4aa1dbb1559b2,no box
914,MVI_63544_img00171_jpg.rf.e36f8e79f25e20e2c0836e84f70c052e,no box
915,MVI_63544_img00265_jpg.rf.c5130d743578107513f17a208e9a41ea,no box
916,MVI_63544_img00476_jpg.rf.c96f00355953729eadf625c301d065ca,no box
917,MVI_63544_img00525_jpg.rf.9b5ce21e4b5d482f9f3c881716ee1615,no box
918,MVI_63544_img00782_jpg.rf.d8018739e15b2a029813441e2b5a8b3f,no box
919,MVI_63544_img01112_jpg.rf.248d29b6535f3e9a539f2ab13b6547fe,no box
920,MVI_63552_img00086_jpg.rf.50436c73659c5c3c3802be003c2bc79e,no box
921,MVI_63552_img00210_jpg.rf.07037d65a106e39a016d700b632f9782,no box
922,MVI_63552_img00655_jpg.rf.018dff27ad644fe03cd84ec92ed185dd,no box
923,MVI_63552_img00818_jpg.rf.5ba6aa7b1761410a82a25693bc5ca4a7,no box
924,MVI_63552_img00990_jpg.rf.dc5d0d7958c048851f77bd9d569a08eb,no box
925,MVI_63553_img00092_jpg.rf.ed4471430e50e0b7115342231a051cc8,no box
926,MVI_63553_img00124_jpg.rf.3546850ef51e6114846ffef94838f30a,no box
927,MVI_63553_img00159_jpg.rf.65bf233cd4f55625109fc3e425afd9f5,no box
928,MVI_63553_img00179_jpg.rf.66535f1233e50ef80b0379aeeaf78a84,no box
929,MVI_63553_img00236_jpg.rf.f41fe983ddfa2b53de99233dc0616493,no box
930,MVI_63553_img00257_jpg.rf.f8a1d6f3b85f30e45e10c5fcc273aed8,no box
931,MVI_63553_img00395_jpg.rf.08bd2934c69292ebba0dde8a51f7994b,no box
932,MVI_63553_img00400_jpg.rf.cb6573435e5164f91570a387eb0a74a9,no box
933,MVI_63553_img00879_jpg.rf.0ca1b83378e15234e38d774c5e567f29,no box
934,MVI_63553_img00935_jpg.rf.f0dc68da3de9aec2c7413417cab814fe,no box
935,MVI_63553_img00950_jpg.rf.5813cec0bc6d33d91a4b116d7d32fc81,no box
936,MVI_63553_img00989_jpg.rf.ed92bb20a06a012e6890e93d3de62f72,no box
937,MVI_63553_img01044_jpg.rf.ec5d34228506f57cbc2e6ae94c854546,no box
938,MVI_63553_img01159_jpg.rf.5a63b5b41e60bc7f32465ecc025f74d2,no box
939,MVI_63553_img01353_jpg.rf.e8c21557d70670a21c422c61ff09fbd1,no box
940,MVI_63554_img00147_jpg.rf.e7b1692252f50cf6b33a9862a4eeb224,no box
941,MVI_63554_img00306_jpg.rf.9d41b64b93ac0aca0e08e78664b5cc56,no box
942,MVI_63554_img00347_jpg.rf.03e85cad3edfbf317660642613d4bd84,no box
943,MVI_63554_img00579_jpg.rf.3d57a8bc16e3ad865713d1ee33c0b0ac,no box
944,MVI_63554_img00715_jpg.rf.67b0f57ab23af65b639e4ce31249079d,no box
945,MVI_63554_img00763_jpg.rf.076be0f5052297f7d1342a26f30157ae,no box
946,MVI_63554_img00786_jpg.rf.cb3aa766070a3cecfc1f61c2611ddb02,no box
947,MVI_63554_img00912_jpg.rf.fde7a4d29644621d5bc2aaf63cc28c26,no box
948,MVI_63554_img01001_jpg.rf.5fd336f817c855a3eaa052d02626b3f8,no box
949,MVI_63554_img01177_jpg.rf.3573e139c92742c80b27798488b8ab31,no box
950,MVI_63554_img01316_jpg.rf.95670b000a6a82f322120afd2ec51cd4,no box
951,MVI_63554_img01406_jpg.rf.0bddaf560b5d8814d1795af4c090176a,no box
952,MVI_63554_img01429_jpg.rf.c1ec2370d4076a755e87cfa747159755,no box
953,MVI_63561_img00147_jpg.rf.fdcfadd31d9d8adb63337bb17a306c45,no box
954,MVI_63561_img00239_jpg.rf.c5944a9b68bb72bb515b3cb3f1a19b3b,no box
955,MVI_63561_img00333_jpg.rf.9e479b2fe13766c59e2bd85077e68a95,no box
956,MVI_63561_img00363_jpg.rf.77d95ae917797141775681ddd976505d,no box
957,MVI_63561_img00398_jpg.rf.aace4fec2cf9c769e3883f1e81848559,no box
958,MVI_63561_img00402_jpg.rf.f0aaa316be977c1242559bc93bcf2270,no box
959,MVI_63561_img00432_jpg.rf.c7d0012badef79bb5e7056feba62b889,no box
960,MVI_63561_img00683_jpg.rf.728b3bdae32cb53e42f52c5da41b94e7,no box
961,MVI_63561_img00747_jpg.rf.df92429ef6988199e32c50081ca1894d,no box
962,MVI_63561_img00850_jpg.rf.0ab96f79775eabc34a22b7a7384774ad,no box
963,MVI_63561_img00978_jpg.rf.af6bb6132208a8b68504d7d44839d36d,no box
964,MVI_63561_img01156_jpg.rf.4b4c2bff6dbf32eb89e36aca247245a6,no box
965,MVI_63561_img01241_jpg.rf.58db196e7969bc1e603c4b59a968aee2,no box
966,MVI_63562_img00099_jpg.rf.ca54ccbcc95856523d560d43d42cf415,no box
967,MVI_63562_img00769_jpg.rf.d3dca93c53836732c6909f0226819538,no box
968,MVI_63562_img00778_jpg.rf.a75f76569cb90d3e375d9c8baba306f4,no box
969,MVI_63562_img00804_jpg.rf.b53de71aa8348919498cb239e1242dca,no box
970,MVI_63563_img00096_jpg.rf.58ab30a9b41de522608bf2a8c3fb69b6,no box
971,MVI_63563_img00190_jpg.rf.9c0919e6fbaacf1f0e0e29c91e2e47a7,no box
972,MVI_63563_img00303_jpg.rf.951f1a1ef4382082b21beecaa628f214,no box
973,MVI_63563_img00320_jpg.rf.ab88b707d273c2783c444cdc508e96c9,no box
974,MVI_63563_img00441_jpg.rf.ded6f53e2aa9a6cb27cea2ba6e7c878d,no box
975,MVI_63563_img00662_jpg.rf.35533d250a691e8e483519192ae2030b,no box
976,MVI_63563_img00842_jpg.rf.aebe42ff7950d3695a988cc463419191,no box
977,MVI_63563_img01070_jpg.rf.68afde8d1acd1765324fac48f210e628,no box
978,MVI_63563_img01129_jpg.rf.a5331c3617a8bb3f0b2edf7a76e2d351,no box
979,MVI_63563_img01130_jpg.rf.e46ed3190c06ad60c6d4c4126881e01a,no box
980,MVI_63563_img01334_jpg.rf.4c03b363dea16611d37d73d6273122be,no box
981,MVI_63563_img01370_jpg.rf.6c749923c89fa979dc9331472fb22cf1,no box
